UNASSIGNED,dataset/images/0027773a6d54b960.jpg,cls_1,0.208496,0.461650,0.020508,0.026049
UNASSIGNED,dataset/images/002af65597d93000.jpg,cls_1,0.545410,0.109233,0.061523,0.078023
UNASSIGNED,dataset/images/004130acea29204f.jpg,cls_1,0.360374,0.748047,0.242871,0.321615
UNASSIGNED,dataset/images/00490dffc1ce9a88.jpg,cls_1,0.644163,0.107422,0.132208,0.095703
UNASSIGNED,dataset/images/00ac400078dcfb49.jpg,cls_0,0.031738,0.238620,0.012695,0.016153
UNASSIGNED,dataset/images/00d9eabf7b5f320d.jpg,cls_1,0.503411,0.093750,0.095498,0.054688
UNASSIGNED,dataset/images/010bc2ca2d3a9875.jpg,cls_1,0.330078,0.762482,0.050781,0.072753
UNASSIGNED,dataset/images/01491bf840ae9939.jpg,cls_1,0.241211,0.842379,0.093750,0.107390
UNASSIGNED,dataset/images/019617577dadc95e.jpg,cls_1,0.498698,0.568359,0.338542,0.232422
UNASSIGNED,dataset/images/01a201f0eda0d242.jpg,cls_1,0.661621,0.509517,0.032227,0.052709
UNASSIGNED,dataset/images/01ab4be3f275d44c.jpg,cls_1,0.497070,0.863836,0.082031,0.125915
UNASSIGNED,dataset/images/01ae2ee150f3c0e0.jpg,cls_1,0.186029,0.491211,0.175000,0.126953
UNASSIGNED,dataset/images/01b544dbac20fb56.jpg,cls_1,0.189453,0.344802,0.083984,0.133236
UNASSIGNED,dataset/images/01bd9126bf11ed60.jpg,cls_1,0.350098,0.416016,0.055664,0.074219
UNASSIGNED,dataset/images/01d7c56e1e0e8144.jpg,cls_1,0.361328,0.113821,0.078125,0.102981
UNASSIGNED,dataset/images/01dbe7f08f5c978b.jpg,cls_1,0.513184,0.711589,0.034180,0.048177
UNASSIGNED,dataset/images/01dee0d185b8e5c4.jpg,cls_1,0.257812,0.188802,0.023438,0.036458
UNASSIGNED,dataset/images/01dee0d185b8e5c4.jpg,cls_1,0.334961,0.584635,0.033203,0.049479
UNASSIGNED,dataset/images/01dee0d185b8e5c4.jpg,cls_1,0.609375,0.880208,0.044922,0.065104
UNASSIGNED,dataset/images/01ea86119281f862.jpg,cls_1,0.280273,0.855866,0.097656,0.118436
UNASSIGNED,dataset/images/021dd82ff06cc33d.jpg,cls_1,0.442871,0.812500,0.061523,0.104167
UNASSIGNED,dataset/images/02247df4b9bc9091.jpg,cls_1,0.553711,0.627941,0.035156,0.052941
UNASSIGNED,dataset/images/0228135878aee48c.jpg,cls_0,0.962891,0.589844,0.027344,0.044271
UNASSIGNED,dataset/images/023398b157d7b958.jpg,cls_1,0.394531,0.847005,0.039062,0.035156
UNASSIGNED,dataset/images/0238044f4dbba76c.jpg,cls_1,0.282715,0.641288,0.014648,0.023426
UNASSIGNED,dataset/images/0293ad4fbd238292.jpg,cls_1,0.532967,0.843750,0.145299,0.101562
UNASSIGNED,dataset/images/02ba0b6d24fbfd72.jpg,cls_1,0.606934,0.568359,0.010742,0.014323
UNASSIGNED,dataset/images/02e319c2c9b88ea2.jpg,cls_0,0.079590,0.441227,0.010742,0.023850
UNASSIGNED,dataset/images/02fc66b496ef13b7.jpg,cls_1,0.239258,0.503205,0.035156,0.060897
UNASSIGNED,dataset/images/032bac5e2d8d7323.jpg,cls_1,0.449707,0.895683,0.059570,0.087770
UNASSIGNED,dataset/images/03329533909ef33c.jpg,cls_1,0.390625,0.389764,0.033203,0.051969
UNASSIGNED,dataset/images/03578335835aa8b5.jpg,cls_1,0.619141,0.575403,0.048828,0.087848
UNASSIGNED,dataset/images/037b91b316e2b5e1.jpg,cls_1,0.406755,0.888672,0.185022,0.107422
UNASSIGNED,dataset/images/03937e987b5b3a38.jpg,cls_1,0.394531,0.557580,0.019531,0.033528
UNASSIGNED,dataset/images/03c7564bc086c468.jpg,cls_1,0.352539,0.737189,0.078125,0.115666
UNASSIGNED,dataset/images/042071a95840718f.jpg,cls_1,0.591797,0.578352,0.019531,0.038772
UNASSIGNED,dataset/images/0423650e4af0c36d.jpg,cls_1,0.495117,0.773792,0.205078,0.443631
UNASSIGNED,dataset/images/042dfe12ffe4499f.jpg,cls_1,0.286164,0.863770,0.245283,0.106445
UNASSIGNED,dataset/images/044e5935058dc6c2.jpg,cls_1,0.549805,0.626302,0.009766,0.010417
UNASSIGNED,dataset/images/044f31e2293d6aed.jpg,cls_1,0.167480,0.923865,0.118164,0.149341
UNASSIGNED,dataset/images/04805f0688e73661.jpg,cls_0,0.880371,0.527739,0.012695,0.018031
UNASSIGNED,dataset/images/04f492b1dce3e654.jpg,cls_1,0.444336,0.698389,0.095703,0.134700
UNASSIGNED,dataset/images/050cdc87175b283e.jpg,cls_1,0.597168,0.813324,0.067383,0.121523
UNASSIGNED,dataset/images/051b8f054781ac61.jpg,cls_1,0.296875,0.846266,0.060547,0.084919
UNASSIGNED,dataset/images/055a2f397c5b6cab.jpg,cls_1,0.670410,0.081618,0.124023,0.163235
UNASSIGNED,dataset/images/056aaaf68119b88c.jpg,cls_1,0.599609,0.726940,0.048828,0.068814
UNASSIGNED,dataset/images/057bd1147dcda14c.jpg,cls_1,0.406250,0.886861,0.023438,0.080292
UNASSIGNED,dataset/images/05ad012d0ccab5cb.jpg,cls_0,0.417245,0.069824,0.031250,0.030273
UNASSIGNED,dataset/images/05eabb428a671db9.jpg,cls_1,0.646484,0.647786,0.003906,0.006510
UNASSIGNED,dataset/images/05f1fc9f54c34c23.jpg,cls_1,0.669434,0.246706,0.057617,0.089312
UNASSIGNED,dataset/images/0603d11911a109f0.jpg,cls_1,0.734863,0.825769,0.010742,0.020498
UNASSIGNED,dataset/images/0635b0fd1ad69c36.jpg,cls_1,0.570801,0.854319,0.077148,0.106881
UNASSIGNED,dataset/images/068587219fddae43.jpg,cls_1,0.891113,0.663743,0.077148,0.116959
UNASSIGNED,dataset/images/06c401d3d817028e.jpg,cls_1,0.387695,0.084821,0.082031,0.078373
UNASSIGNED,dataset/images/07b413d65226a56f.jpg,cls_0,0.582520,0.582836,0.010742,0.019403
UNASSIGNED,dataset/images/07d017f33e9460cd.jpg,cls_1,0.595215,0.642020,0.034180,0.045388
UNASSIGNED,dataset/images/088edea3f8182502.jpg,cls_1,0.523039,0.899414,0.128431,0.123047
UNASSIGNED,dataset/images/09a49cb92c6cdbb0.jpg,cls_1,0.454427,0.847168,0.875000,0.305664
UNASSIGNED,dataset/images/09a49cb92c6cdbb0.jpg,cls_1,0.559896,0.190918,0.580729,0.381836
UNASSIGNED,dataset/images/09a49cb92c6cdbb0.jpg,cls_1,0.774740,0.714844,0.450521,0.570312
UNASSIGNED,dataset/images/09b6beba0879fd43.jpg,cls_0,0.389160,0.478516,0.028320,0.037760
UNASSIGNED,dataset/images/09cb05f77041f55c.jpg,cls_1,0.490723,0.504557,0.024414,0.027344
UNASSIGNED,dataset/images/0a1e1ed43c0cbe88.jpg,cls_1,0.604167,0.878906,0.183642,0.117188
UNASSIGNED,dataset/images/0a56cf0058e7c510.jpg,cls_1,0.225547,0.389648,0.211679,0.142578
UNASSIGNED,dataset/images/0a56cf0058e7c510.jpg,cls_1,0.768613,0.450684,0.211679,0.127930
UNASSIGNED,dataset/images/0aa218f2a8d55598.jpg,cls_1,0.358398,0.176686,0.041016,0.063050
UNASSIGNED,dataset/images/0aa63e5298ff5224.jpg,cls_1,0.451172,0.875161,0.085938,0.113256
UNASSIGNED,dataset/images/0b4c7316761f7ada.jpg,cls_1,0.451694,0.876465,0.245922,0.182617
UNASSIGNED,dataset/images/0b62cd0665239c6e.jpg,cls_1,0.229868,0.388672,0.175695,0.123047
UNASSIGNED,dataset/images/0b956a394484e381.jpg,cls_1,0.264323,0.650879,0.088542,0.067383
UNASSIGNED,dataset/images/0be4fb66e0cb1d13.jpg,cls_1,0.726562,0.170821,0.134766,0.197947
UNASSIGNED,dataset/images/0c87f3cbd6098703.jpg,cls_0,0.432129,0.577206,0.543945,0.816176
UNASSIGNED,dataset/images/0c8d378bf5c82792.jpg,cls_1,0.555176,0.835856,0.106445,0.118743
UNASSIGNED,dataset/images/0d47a2468567ce59.jpg,cls_1,0.104233,0.737793,0.157672,0.143555
UNASSIGNED,dataset/images/0d5f29db5a6cd05b.jpg,cls_1,0.739746,0.534626,0.190430,0.240997
UNASSIGNED,dataset/images/0dad0ce48f945b66.jpg,cls_1,0.486823,0.115234,0.127379,0.095703
UNASSIGNED,dataset/images/0efc2d07d6832e95.jpg,cls_0,0.403809,0.420205,0.014648,0.023426
UNASSIGNED,dataset/images/10837e0f789a3633.jpg,cls_1,0.457521,0.583984,0.115599,0.070312
UNASSIGNED,dataset/images/110ba248177ada8a.jpg,cls_1,0.461914,0.737305,0.109375,0.111328
UNASSIGNED,dataset/images/111d8661c0525eba.jpg,cls_1,0.665039,0.361472,0.029297,0.041847
UNASSIGNED,dataset/images/1143b9ea6fad28aa.jpg,cls_1,0.374023,0.660598,0.037109,0.052016
UNASSIGNED,dataset/images/1162122299a2dc09.jpg,cls_1,0.554688,0.725244,0.083984,0.117155
UNASSIGNED,dataset/images/11884c7b2851eac8.jpg,cls_1,0.291016,0.900439,0.076172,0.108346
UNASSIGNED,dataset/images/118a6246888728ca.jpg,cls_1,0.499023,0.518166,0.519531,0.897924
UNASSIGNED,dataset/images/11a30e99ca41294e.jpg,cls_0,0.629395,0.521222,0.010742,0.016978
UNASSIGNED,dataset/images/1207095930cf5e89.jpg,cls_1,0.253418,0.580078,0.036133,0.055990
UNASSIGNED,dataset/images/1259427881139e12.jpg,cls_1,0.340722,0.506836,0.224959,0.144531
UNASSIGNED,dataset/images/12ac4120cd61f0af.jpg,cls_1,0.571529,0.839844,0.158485,0.113281
UNASSIGNED,dataset/images/12e94fb9ff12e17d.jpg,cls_1,0.491699,0.769400,0.045898,0.057101
UNASSIGNED,dataset/images/13cda2aaa1d3212f.jpg,cls_1,0.892090,0.466325,0.174805,0.250366
UNASSIGNED,dataset/images/1445cc5ece723fdf.jpg,cls_1,0.479492,0.243045,0.154297,0.228404
UNASSIGNED,dataset/images/148aa1f69209814f.jpg,cls_1,0.362793,0.798295,0.083008,0.122159
UNASSIGNED,dataset/images/149142d4f0b62daa.jpg,cls_0,0.452637,0.381057,0.014648,0.019090
UNASSIGNED,dataset/images/14984e5b51df041c.jpg,cls_1,0.650879,0.631772,0.368164,0.540264
UNASSIGNED,dataset/images/14eb05de5d8ae8a8.jpg,cls_1,0.484863,0.538799,0.061523,0.102489
UNASSIGNED,dataset/images/15cc4b7066271dcb.jpg,cls_1,0.741211,0.891496,0.091797,0.137830
UNASSIGNED,dataset/images/165b4ae20a2a816e.jpg,cls_1,0.315430,0.702050,0.148438,0.142020
UNASSIGNED,dataset/images/16643068fd19bd60.jpg,cls_1,0.875977,0.392202,0.082031,0.126911
UNASSIGNED,dataset/images/1679b6bb52a8a870.jpg,cls_0,0.345703,0.257310,0.019531,0.026316
UNASSIGNED,dataset/images/16d1694424fb8000.jpg,cls_1,0.625488,0.654130,0.106445,0.122419
UNASSIGNED,dataset/images/179e4fbb6e786db1.jpg,cls_1,0.264833,0.773926,0.132686,0.122070
UNASSIGNED,dataset/images/17b97ffbc6bc32d8.jpg,cls_1,0.678624,0.467285,0.200586,0.143555
UNASSIGNED,dataset/images/17b97ffbc6bc32d8.jpg,cls_1,0.176428,0.126465,0.121523,0.090820
UNASSIGNED,dataset/images/17b97ffbc6bc32d8.jpg,cls_1,0.277452,0.198730,0.150805,0.104492
UNASSIGNED,dataset/images/17b97ffbc6bc32d8.jpg,cls_1,0.415813,0.304688,0.161054,0.115234
UNASSIGNED,dataset/images/17b97ffbc6bc32d8.jpg,cls_1,0.953880,0.836426,0.089312,0.208008
UNASSIGNED,dataset/images/17bdc4c904c74600.jpg,cls_1,0.658691,0.715959,0.038086,0.049780
UNASSIGNED,dataset/images/180a229887060f94.jpg,cls_0,0.557617,0.414714,0.009766,0.014323
UNASSIGNED,dataset/images/18223cd505416ee3.jpg,cls_1,0.505859,0.499512,0.625000,0.624023
UNASSIGNED,dataset/images/186fadbd7b8f2ad4.jpg,cls_1,0.718750,0.757812,0.005859,0.013021
UNASSIGNED,dataset/images/189ec72d50200a68.jpg,cls_0,0.658691,0.363498,0.018555,0.019211
UNASSIGNED,dataset/images/18f5b6e2f968c4e2.jpg,cls_1,0.485352,0.500000,0.916016,1.000000
UNASSIGNED,dataset/images/198e70dc30eca5e6.jpg,cls_1,0.895020,0.724174,0.053711,0.092975
UNASSIGNED,dataset/images/1a0104caa7c6e3fc.jpg,cls_1,0.849609,0.812592,0.054688,0.090776
UNASSIGNED,dataset/images/1a1623e8a6a8d14a.jpg,cls_1,0.652344,0.918457,0.099609,0.110352
UNASSIGNED,dataset/images/1a28abc78b380600.jpg,cls_1,0.517090,0.703514,0.081055,0.127379
UNASSIGNED,dataset/images/1a70014e04f0422b.jpg,cls_1,0.200195,0.824780,0.091797,0.139296
UNASSIGNED,dataset/images/1a92300cd8c6f372.jpg,cls_1,0.399902,0.125915,0.067383,0.102489
UNASSIGNED,dataset/images/1b7f06f84001b416.jpg,cls_0,0.715820,0.266667,0.009766,0.014414
UNASSIGNED,dataset/images/1c01a5b4ee0da6da.jpg,cls_1,0.229167,0.520508,0.140625,0.113281
UNASSIGNED,dataset/images/1c85dcf32853c446.jpg,cls_0,0.416016,0.507342,0.011719,0.016153
UNASSIGNED,dataset/images/1cd22d122b46cd83.jpg,cls_0,0.507324,0.761347,0.022461,0.035139
UNASSIGNED,dataset/images/1cd22d122b46cd83.jpg,cls_0,0.507812,0.762079,0.023438,0.036603
UNASSIGNED,dataset/images/1cf4e1b1e2f849b4.jpg,cls_1,0.418945,0.763543,0.058594,0.083455
UNASSIGNED,dataset/images/1da5514c10d5bb11.jpg,cls_1,0.381836,0.696615,0.033203,0.044271
UNASSIGNED,dataset/images/1db64ded3d055a47.jpg,cls_1,0.562988,0.356322,0.024414,0.037356
UNASSIGNED,dataset/images/1def778f6b4fc72b.jpg,cls_1,0.509766,0.830112,0.099609,0.103764
UNASSIGNED,dataset/images/1df35e723eb72904.jpg,cls_1,0.498047,0.090193,0.046875,0.071804
UNASSIGNED,dataset/images/1e7afcc8e41d713a.jpg,cls_1,0.464844,0.746269,0.052734,0.102345
UNASSIGNED,dataset/images/1f2271a94b9b0369.jpg,cls_1,0.467773,0.709117,0.064453,0.089725
UNASSIGNED,dataset/images/1f4c9f24d6cdbd55.jpg,cls_1,0.339844,0.421669,0.531250,0.778917
UNASSIGNED,dataset/images/1f4c9f24d6cdbd55.jpg,cls_1,0.750977,0.384334,0.375000,0.587116
UNASSIGNED,dataset/images/1f5fc52e3b0e98dc.jpg,cls_0,0.528634,0.804199,0.437592,0.272461
UNASSIGNED,dataset/images/1f77c4827cd8469f.jpg,cls_1,0.479980,0.515625,0.555664,0.742188
UNASSIGNED,dataset/images/1fe4b54bcfdee2ca.jpg,cls_1,0.537109,0.913613,0.093750,0.128272
UNASSIGNED,dataset/images/1ff8ce44fcac1742.jpg,cls_1,0.536506,0.076660,0.061278,0.047852
UNASSIGNED,dataset/images/1ffaf8035257ed35.jpg,cls_1,0.417969,0.609314,0.019531,0.025873
UNASSIGNED,dataset/images/20123ce4fdcf234b.jpg,cls_1,0.605469,0.651760,0.037109,0.042522
UNASSIGNED,dataset/images/20212107d3325556.jpg,cls_1,0.399902,0.705710,0.045898,0.070278
UNASSIGNED,dataset/images/205a8e53e8f8358e.jpg,cls_1,0.355469,0.772394,0.093750,0.132159
UNASSIGNED,dataset/images/20915347bc240365.jpg,cls_1,0.460449,0.598665,0.096680,0.149852
UNASSIGNED,dataset/images/20915ca528d3e97f.jpg,cls_1,0.804199,0.448755,0.057617,0.083455
UNASSIGNED,dataset/images/209ef6b273efc8bc.jpg,cls_0,0.184082,0.573206,0.344727,0.510981
UNASSIGNED,dataset/images/209ef6b273efc8bc.jpg,cls_0,0.467285,0.578331,0.924805,0.840410
UNASSIGNED,dataset/images/209ef6b273efc8bc.jpg,cls_0,0.561523,0.704978,0.232422,0.344070
UNASSIGNED,dataset/images/21215a5e84f6d354.jpg,cls_1,0.929199,0.570312,0.022461,0.023438
UNASSIGNED,dataset/images/215df3e72bb322c4.jpg,cls_1,0.497559,0.855783,0.090820,0.133236
UNASSIGNED,dataset/images/21b97434e81b3608.jpg,cls_1,0.309570,0.716146,0.125000,0.169271
UNASSIGNED,dataset/images/21b97434e81b3608.jpg,cls_1,0.861816,0.534505,0.114258,0.154948
UNASSIGNED,dataset/images/21fbce5a8a4ba2e0.jpg,cls_0,0.950195,0.601322,0.013672,0.022026
UNASSIGNED,dataset/images/21fe13e5f81f777d.jpg,cls_1,0.704102,0.825037,0.044922,0.054173
UNASSIGNED,dataset/images/22094f9711b389e8.jpg,cls_1,0.755507,0.816895,0.280470,0.190430
UNASSIGNED,dataset/images/221016796d20ba87.jpg,cls_1,0.883301,0.893275,0.061523,0.096491
UNASSIGNED,dataset/images/2213cc87243a6642.jpg,cls_1,0.497070,0.817057,0.083984,0.102865
UNASSIGNED,dataset/images/227c4b0f57dfa538.jpg,cls_1,0.149902,0.837226,0.102539,0.159124
UNASSIGNED,dataset/images/22e2fc0537461c0a.jpg,cls_1,0.560117,0.872559,0.290323,0.166992
UNASSIGNED,dataset/images/23227938c14e083b.jpg,cls_0,0.420898,0.565441,0.173828,0.280882
UNASSIGNED,dataset/images/23227938c14e083b.jpg,cls_0,0.499512,0.629412,0.211914,0.285294
UNASSIGNED,dataset/images/23227938c14e083b.jpg,cls_0,0.615234,0.560294,0.177734,0.270588
UNASSIGNED,dataset/images/23227938c14e083b.jpg,cls_0,0.671875,0.803676,0.179688,0.269118
UNASSIGNED,dataset/images/23227938c14e083b.jpg,cls_0,0.800293,0.592647,0.219727,0.273529
UNASSIGNED,dataset/images/23a2ec460bedd4ce.jpg,cls_0,0.301758,0.432997,0.017578,0.030259
UNASSIGNED,dataset/images/23d8e0cc5cf110e3.jpg,cls_1,0.181618,0.805176,0.122059,0.077148
UNASSIGNED,dataset/images/24989edc684fa418.jpg,cls_1,0.282051,0.625488,0.180708,0.159180
UNASSIGNED,dataset/images/24d96cc1e21d161f.jpg,cls_1,0.336426,0.876833,0.083008,0.105572
UNASSIGNED,dataset/images/250cacc6ba463e6c.jpg,cls_1,0.354980,0.805718,0.063477,0.089443
UNASSIGNED,dataset/images/25454f223bbddc16.jpg,cls_1,0.267090,0.836018,0.071289,0.108346
UNASSIGNED,dataset/images/25605fcc4aa3fa0c.jpg,cls_0,0.115723,0.094388,0.016602,0.022959
UNASSIGNED,dataset/images/25b8421836d62340.jpg,cls_1,0.224121,0.591508,0.053711,0.087848
UNASSIGNED,dataset/images/25b93dcf90d63533.jpg,cls_0,0.825684,0.052129,0.032227,0.036711
UNASSIGNED,dataset/images/262c2189dbedd291.jpg,cls_1,0.291992,0.748902,0.064453,0.101025
UNASSIGNED,dataset/images/264afc7cd926f96c.jpg,cls_1,0.876465,0.440104,0.057617,0.052083
UNASSIGNED,dataset/images/2753f49a1fe7588d.jpg,cls_1,0.515625,0.426432,0.037109,0.048177
UNASSIGNED,dataset/images/2753f49a1fe7588d.jpg,cls_1,0.909180,0.443359,0.031250,0.037760
UNASSIGNED,dataset/images/276ad7ae6c0462fb.jpg,cls_1,0.467773,0.510742,0.015625,0.011719
UNASSIGNED,dataset/images/27799eeb61b6c885.jpg,cls_0,0.795898,0.663982,0.013672,0.024890
UNASSIGNED,dataset/images/27799eeb61b6c885.jpg,cls_0,0.796387,0.663250,0.012695,0.017570
UNASSIGNED,dataset/images/27a2e5e615a661aa.jpg,cls_1,0.893995,0.875488,0.175245,0.139648
UNASSIGNED,dataset/images/27c471eed8c641a7.jpg,cls_1,0.279180,0.708496,0.127234,0.112305
UNASSIGNED,dataset/images/27d8531f0b18b14f.jpg,cls_1,0.441895,0.803213,0.086914,0.125837
UNASSIGNED,dataset/images/27dcfabd78266fd3.jpg,cls_1,0.548340,0.554332,0.024414,0.030837
UNASSIGNED,dataset/images/28aae6e391d6ba93.jpg,cls_1,0.397786,0.640625,0.110677,0.070312
UNASSIGNED,dataset/images/28aae6e391d6ba93.jpg,cls_1,0.694010,0.639160,0.078125,0.067383
UNASSIGNED,dataset/images/28b13c32ed996b71.jpg,cls_1,0.692533,0.670898,0.286969,0.195312
UNASSIGNED,dataset/images/2916d352c9c849b4.jpg,cls_1,0.692871,0.599561,0.338867,0.510981
UNASSIGNED,dataset/images/29440a6e6f90a5b7.jpg,cls_1,0.394531,0.195312,0.142578,0.148438
UNASSIGNED,dataset/images/29830704a223492d.jpg,cls_1,0.515625,0.339329,0.015625,0.031175
UNASSIGNED,dataset/images/2a025d6a9cb08976.jpg,cls_1,0.529297,0.696193,0.046875,0.057101
UNASSIGNED,dataset/images/2a389ffad103403d.jpg,cls_0,0.510220,0.238281,0.639937,0.386719
UNASSIGNED,dataset/images/2ae7b29752f82465.jpg,cls_1,0.177246,0.840491,0.090820,0.112883
UNASSIGNED,dataset/images/2b109de04d99f2e4.jpg,cls_1,0.937012,0.703079,0.063477,0.086510
UNASSIGNED,dataset/images/2b245c6a35db24b0.jpg,cls_0,0.549316,0.428990,0.014648,0.026354
UNASSIGNED,dataset/images/2b51e543933da78f.jpg,cls_1,0.375488,0.847309,0.081055,0.100125
UNASSIGNED,dataset/images/2bad81959047a978.jpg,cls_1,0.890602,0.768066,0.189427,0.125977
UNASSIGNED,dataset/images/2bb5b73208253169.jpg,cls_0,0.348145,0.069016,0.016602,0.017621
UNASSIGNED,dataset/images/2bded1f9cb587843.jpg,cls_1,0.438965,0.586039,0.120117,0.201299
UNASSIGNED,dataset/images/2be4c6f413652399.jpg,cls_0,0.415328,0.731934,0.296350,0.133789
UNASSIGNED,dataset/images/2caabfe039bbc20f.jpg,cls_1,0.495117,0.820644,0.056641,0.083455
UNASSIGNED,dataset/images/2cd5cd44571311bf.jpg,cls_0,0.548340,0.568082,0.014648,0.020498
UNASSIGNED,dataset/images/2cfb34d875cb1562.jpg,cls_1,0.448730,0.533824,0.122070,0.176471
UNASSIGNED,dataset/images/2cfb34d875cb1562.jpg,cls_1,0.561035,0.471324,0.114258,0.189706
UNASSIGNED,dataset/images/2d3ae583ca5d6393.jpg,cls_1,0.315249,0.534668,0.246334,0.151367
UNASSIGNED,dataset/images/2d6cc8ada022708c.jpg,cls_0,0.460938,0.528646,0.017578,0.023438
UNASSIGNED,dataset/images/2e3725061b70a037.jpg,cls_1,0.309082,0.078676,0.067383,0.095588
UNASSIGNED,dataset/images/2e5f0e9e14000c49.jpg,cls_1,0.591912,0.680664,0.080882,0.046875
UNASSIGNED,dataset/images/2e8b24eae3ad3b8e.jpg,cls_1,0.439941,0.758669,0.086914,0.110957
UNASSIGNED,dataset/images/2e8bd117813b83b8.jpg,cls_1,0.883315,0.694824,0.134160,0.114258
UNASSIGNED,dataset/images/2ed00d2a0449c028.jpg,cls_1,0.418193,0.181641,0.128205,0.099609
UNASSIGNED,dataset/images/2f73bf33cdc7ec87.jpg,cls_1,0.238770,0.370073,0.020508,0.036496
UNASSIGNED,dataset/images/2f73bf33cdc7ec87.jpg,cls_1,0.331543,0.222628,0.014648,0.021898
UNASSIGNED,dataset/images/2f73bf33cdc7ec87.jpg,cls_1,0.936035,0.485401,0.022461,0.033577
UNASSIGNED,dataset/images/2f73bf33cdc7ec87.jpg,cls_1,0.961914,0.483942,0.019531,0.033577
UNASSIGNED,dataset/images/2f7e751a98bf27ce.jpg,cls_0,0.624023,0.480176,0.007812,0.011747
UNASSIGNED,dataset/images/2fb50b407f0b021a.jpg,cls_1,0.293558,0.961914,0.130307,0.076172
UNASSIGNED,dataset/images/2fb50b407f0b021a.jpg,cls_1,0.393119,0.962402,0.112738,0.075195
UNASSIGNED,dataset/images/306bacd3b7ca628f.jpg,cls_1,0.500978,0.501465,0.996090,0.995117
UNASSIGNED,dataset/images/30b3e9e14ffe292f.jpg,cls_1,0.603027,0.927951,0.063477,0.095486
UNASSIGNED,dataset/images/30ffde725ba6f072.jpg,cls_1,0.510254,0.853372,0.084961,0.120235
UNASSIGNED,dataset/images/313d70e86cca725c.jpg,cls_1,0.787109,0.840495,0.091797,0.118490
UNASSIGNED,dataset/images/32175487db67605c.jpg,cls_1,0.581301,0.844727,0.138211,0.109375
UNASSIGNED,dataset/images/324b2ff3510e70b9.jpg,cls_0,0.448730,0.125000,0.014648,0.040476
UNASSIGNED,dataset/images/3284e8b7796c52e4.jpg,cls_1,0.647949,0.299397,0.084961,0.134238
UNASSIGNED,dataset/images/32b8d99c7366fe5a.jpg,cls_1,0.090332,0.814056,0.071289,0.102489
UNASSIGNED,dataset/images/32fdab44f6e415f1.jpg,cls_1,0.444336,0.895315,0.111328,0.162518
UNASSIGNED,dataset/images/330dd87b675ba254.jpg,cls_1,0.524902,0.424487,0.010742,0.016129
UNASSIGNED,dataset/images/3323d45171394606.jpg,cls_0,0.469238,0.509517,0.938477,0.893119
UNASSIGNED,dataset/images/333177b776d2afde.jpg,cls_1,0.518880,0.492188,0.550781,0.598958
UNASSIGNED,dataset/images/334bcac436ae3c4e.jpg,cls_1,0.895020,0.168597,0.092773,0.123552
UNASSIGNED,dataset/images/33f09655d9aeecd4.jpg,cls_1,0.756348,0.475806,0.141602,0.212610
UNASSIGNED,dataset/images/34a47f60bc6f288b.jpg,cls_1,0.546387,0.390190,0.395508,0.587116
UNASSIGNED,dataset/images/34f6d8649f4fd66e.jpg,cls_1,0.357159,0.845263,0.068290,0.091989
UNASSIGNED,dataset/images/34f91a9b54a18153.jpg,cls_1,0.175781,0.656288,0.082031,0.098901
UNASSIGNED,dataset/images/360dc747c28cb5eb.jpg,cls_1,0.877013,0.554688,0.243045,0.197266
UNASSIGNED,dataset/images/3647b85f77c58b72.jpg,cls_1,0.751465,0.402635,0.088867,0.134700
UNASSIGNED,dataset/images/364ed9f04fb1c3f0.jpg,cls_1,0.496582,0.488770,0.967773,0.977539
UNASSIGNED,dataset/images/367e5d6468d2e6cc.jpg,cls_1,0.146843,0.087891,0.146843,0.093750
UNASSIGNED,dataset/images/36fd9946bca13e7f.jpg,cls_1,0.300781,0.458496,0.357422,0.358398
UNASSIGNED,dataset/images/370fd82077460df7.jpg,cls_1,0.599121,0.968521,0.077148,0.060029
UNASSIGNED,dataset/images/3732ae7f580412f2.jpg,cls_1,0.613281,0.781938,0.066406,0.107195
UNASSIGNED,dataset/images/37c6ad78a945df23.jpg,cls_1,0.413086,0.240885,0.005859,0.007812
UNASSIGNED,dataset/images/37c6ad78a945df23.jpg,cls_1,0.889160,0.498698,0.034180,0.036458
UNASSIGNED,dataset/images/37dfa626caad45a7.jpg,cls_1,0.145550,0.578613,0.064921,0.069336
UNASSIGNED,dataset/images/37dfa626caad45a7.jpg,cls_1,0.400524,0.508301,0.137173,0.118164
UNASSIGNED,dataset/images/3860123038b8096e.jpg,cls_1,0.277344,0.761062,0.044922,0.061947
UNASSIGNED,dataset/images/38c8e448fcfe9346.jpg,cls_0,0.005859,0.327381,0.007812,0.030952
UNASSIGNED,dataset/images/39232fd3c3207cb5.jpg,cls_1,0.601074,0.810850,0.073242,0.102639
UNASSIGNED,dataset/images/394a6de148bf90d9.jpg,cls_1,0.651855,0.758824,0.069336,0.108824
UNASSIGNED,dataset/images/3972cbd937a6fa49.jpg,cls_1,0.666016,0.734949,0.058594,0.077827
UNASSIGNED,dataset/images/3982f6283b5f0d90.jpg,cls_1,0.299413,0.910156,0.144814,0.142578
UNASSIGNED,dataset/images/3a747e38806416cd.jpg,cls_0,0.449707,0.458884,0.022461,0.022026
UNASSIGNED,dataset/images/3a7fafeea78bface.jpg,cls_1,0.846191,0.919259,0.040039,0.063704
UNASSIGNED,dataset/images/3abbd19d3b51179f.jpg,cls_1,0.370443,0.849280,0.144531,0.114198
UNASSIGNED,dataset/images/3aee04bf8fce5717.jpg,cls_1,0.500000,0.500000,1.000000,1.000000
UNASSIGNED,dataset/images/3af363a27e73f9b8.jpg,cls_1,0.398926,0.356771,0.409180,0.513021
UNASSIGNED,dataset/images/3b56a86d877d95ff.jpg,cls_1,0.608887,0.886530,0.079102,0.112738
UNASSIGNED,dataset/images/3bae28a525a1d8bc.jpg,cls_1,0.491211,0.272595,0.017578,0.020408
UNASSIGNED,dataset/images/3bb787f7a5420bd6.jpg,cls_1,0.921875,0.822754,0.125000,0.124023
UNASSIGNED,dataset/images/3be04cbd1667d5e3.jpg,cls_1,0.471191,0.725476,0.067383,0.098097
UNASSIGNED,dataset/images/3c2a38704244f603.jpg,cls_1,0.282715,0.411573,0.291992,0.388817
UNASSIGNED,dataset/images/3c51c5b5f2e29640.jpg,cls_1,0.485840,0.707906,0.036133,0.054173
UNASSIGNED,dataset/images/3cd1e03b29f5b1ae.jpg,cls_1,0.703613,0.864358,0.094727,0.126984
UNASSIGNED,dataset/images/3d89980b2165140d.jpg,cls_1,0.499349,0.498710,0.980469,0.979355
UNASSIGNED,dataset/images/3dc217d78747fa15.jpg,cls_1,0.088867,0.832907,0.101562,0.126761
UNASSIGNED,dataset/images/3dc4bd55df5c075d.jpg,cls_0,0.384766,0.311849,0.017578,0.027344
UNASSIGNED,dataset/images/3dc4bd55df5c075d.jpg,cls_0,0.386719,0.312500,0.019531,0.023438
UNASSIGNED,dataset/images/3dda685b28b1c1d8.jpg,cls_1,0.217773,0.870262,0.066406,0.093294
UNASSIGNED,dataset/images/3dda685b28b1c1d8.jpg,cls_1,0.361328,0.790816,0.056641,0.083090
UNASSIGNED,dataset/images/3dda685b28b1c1d8.jpg,cls_1,0.739258,0.679300,0.044922,0.067055
UNASSIGNED,dataset/images/3ee9fc4b508db5c9.jpg,cls_1,0.541016,0.868960,0.050781,0.106881
UNASSIGNED,dataset/images/4063819965c7db39.jpg,cls_1,0.240234,0.345534,0.164062,0.330893
UNASSIGNED,dataset/images/40700c4f2832b8a2.jpg,cls_1,0.289171,0.481934,0.115207,0.081055
UNASSIGNED,dataset/images/40c8c5800609b708.jpg,cls_1,0.386230,0.789565,0.045898,0.083478
UNASSIGNED,dataset/images/40ed7bcef1703c9a.jpg,cls_1,0.408275,0.589355,0.196411,0.163086
UNASSIGNED,dataset/images/414a64a3a9e7b28a.jpg,cls_1,0.347168,0.795615,0.071289,0.086280
UNASSIGNED,dataset/images/414a64a3a9e7b28a.jpg,cls_1,0.795410,0.626591,0.059570,0.053748
UNASSIGNED,dataset/images/414a64a3a9e7b28a.jpg,cls_1,0.847656,0.628006,0.060547,0.067893
UNASSIGNED,dataset/images/4247223a1db16fe5.jpg,cls_1,0.737793,0.723958,0.030273,0.044271
UNASSIGNED,dataset/images/4262e04b3730c012.jpg,cls_1,0.218750,0.737573,0.070312,0.100877
UNASSIGNED,dataset/images/43d015b4820670b7.jpg,cls_1,0.352206,0.739258,0.086765,0.068359
UNASSIGNED,dataset/images/44287652f7122b54.jpg,cls_0,0.377441,0.683016,0.010742,0.024890
UNASSIGNED,dataset/images/44536edd995ae23a.jpg,cls_1,0.532715,0.875000,0.079102,0.125000
UNASSIGNED,dataset/images/4479ab675c341c60.jpg,cls_1,0.400391,0.514641,0.072266,0.095168
UNASSIGNED,dataset/images/448cf6ad8096090e.jpg,cls_1,0.486405,0.806152,0.159114,0.153320
UNASSIGNED,dataset/images/4579a53ad940399d.jpg,cls_1,0.433594,0.778676,0.111328,0.169118
UNASSIGNED,dataset/images/457b72abfe6808e0.jpg,cls_1,0.604492,0.120805,0.064453,0.110738
UNASSIGNED,dataset/images/458781766e4a5462.jpg,cls_1,0.790527,0.833913,0.073242,0.130435
UNASSIGNED,dataset/images/45b6ff13eedab297.jpg,cls_1,0.290527,0.667660,0.040039,0.050671
UNASSIGNED,dataset/images/45c8b7422a5059f1.jpg,cls_1,0.473145,0.581602,0.399414,0.608309
UNASSIGNED,dataset/images/4603e792644c49fe.jpg,cls_1,0.142857,0.218099,0.155612,0.152344
UNASSIGNED,dataset/images/4658dbbdeffbcf9d.jpg,cls_1,0.873047,0.203776,0.251953,0.321615
UNASSIGNED,dataset/images/46928556650593f3.jpg,cls_1,0.429688,0.507812,0.787109,0.979167
UNASSIGNED,dataset/images/478dbb56fe0caf64.jpg,cls_0,0.497559,0.248815,0.012695,0.020537
UNASSIGNED,dataset/images/4858d0202be3acf9.jpg,cls_1,0.464844,0.398243,0.080078,0.111274
UNASSIGNED,dataset/images/486a6aac821d357d.jpg,cls_1,0.284180,0.496340,0.083984,0.204978
UNASSIGNED,dataset/images/487b0d90af860fe1.jpg,cls_0,0.081543,0.261068,0.106445,0.131510
UNASSIGNED,dataset/images/48895f392d741f62.jpg,cls_1,0.480957,0.881795,0.110352,0.142857
UNASSIGNED,dataset/images/4892cc341f32a4f3.jpg,cls_1,0.619141,0.872396,0.082031,0.111979
UNASSIGNED,dataset/images/48da4c7673aab229.jpg,cls_1,0.469727,0.833333,0.064453,0.095023
UNASSIGNED,dataset/images/4960597581e5c337.jpg,cls_1,0.542969,0.571777,0.363281,0.393555
UNASSIGNED,dataset/images/499c62214ad26d3f.jpg,cls_1,0.863770,0.725594,0.272461,0.548813
UNASSIGNED,dataset/images/4a7a37bf21b8be7b.jpg,cls_1,0.432617,0.461821,0.033203,0.054332
UNASSIGNED,dataset/images/4b4b71415ff5ac29.jpg,cls_1,0.173499,0.300293,0.288433,0.192383
UNASSIGNED,dataset/images/4b4dbebb1aa3e5be.jpg,cls_1,0.585938,0.786237,0.048828,0.081991
UNASSIGNED,dataset/images/4b6ed43e30319098.jpg,cls_0,0.485352,0.725911,0.035156,0.029948
UNASSIGNED,dataset/images/4b6ed43e30319098.jpg,cls_0,0.486328,0.727214,0.029297,0.035156
UNASSIGNED,dataset/images/4b77b80968fccfda.jpg,cls_1,0.344853,0.523438,0.092647,0.066406
UNASSIGNED,dataset/images/4b8d540c1510a3a7.jpg,cls_1,0.513184,0.076867,0.036133,0.062958
UNASSIGNED,dataset/images/4bcb0c12da435255.jpg,cls_1,0.985840,0.321583,0.004883,0.007194
UNASSIGNED,dataset/images/4cdaa0e78484b560.jpg,cls_1,0.491094,0.887207,0.170483,0.122070
UNASSIGNED,dataset/images/4cdc650964abf95a.jpg,cls_0,0.459961,0.240451,0.015625,0.029514
UNASSIGNED,dataset/images/4d6a26b962e3c7f2.jpg,cls_1,0.128418,0.299853,0.040039,0.054252
UNASSIGNED,dataset/images/4d836015d33b272e.jpg,cls_1,0.634375,0.112305,0.196250,0.160156
UNASSIGNED,dataset/images/4d9ae31dec839885.jpg,cls_1,0.380371,0.854319,0.073242,0.098097
UNASSIGNED,dataset/images/4dba13f17acb5599.jpg,cls_0,0.534180,0.523438,0.455078,0.519531
UNASSIGNED,dataset/images/4df9f84e10904f0a.jpg,cls_1,0.543457,0.831625,0.049805,0.079063
UNASSIGNED,dataset/images/4e15af2602c68764.jpg,cls_1,0.796875,0.553441,0.019531,0.023426
UNASSIGNED,dataset/images/4e4fe639e902d1d6.jpg,cls_1,0.703125,0.857422,0.080078,0.087240
UNASSIGNED,dataset/images/4e747bafd9989d99.jpg,cls_1,0.202637,0.254525,0.026367,0.061086
UNASSIGNED,dataset/images/4e7948f4b589abb3.jpg,cls_1,0.504883,0.499512,0.722656,0.733398
UNASSIGNED,dataset/images/4e8433dcc82d2279.jpg,cls_1,0.387694,0.614258,0.275986,0.226562
UNASSIGNED,dataset/images/4e9df759ce180a15.jpg,cls_1,0.672852,0.698758,0.062500,0.108696
UNASSIGNED,dataset/images/4ec0a5f6bee703d7.jpg,cls_1,0.786969,0.431641,0.188873,0.128906
UNASSIGNED,dataset/images/4f6ca5b46a1b3cf4.jpg,cls_1,0.264160,0.673828,0.004883,0.009115
UNASSIGNED,dataset/images/502b40f6e115b744.jpg,cls_1,0.398004,0.846191,0.141907,0.120117
UNASSIGNED,dataset/images/5077cda50f5c52cd.jpg,cls_1,0.522461,0.497396,0.955078,0.994792
UNASSIGNED,dataset/images/5081155a314fac49.jpg,cls_1,0.723633,0.723358,0.078125,0.100730
UNASSIGNED,dataset/images/508498cb605f7ee3.jpg,cls_1,0.250315,0.936523,0.142497,0.107422
UNASSIGNED,dataset/images/511183c2c5c2f59b.jpg,cls_1,0.460286,0.633789,0.259115,0.205078
UNASSIGNED,dataset/images/51db9fc07519727d.jpg,cls_0,0.403320,0.836270,0.019531,0.024963
UNASSIGNED,dataset/images/51db9fc07519727d.jpg,cls_0,0.405273,0.837004,0.017578,0.026432
UNASSIGNED,dataset/images/524785224974da50.jpg,cls_1,0.494141,0.498409,0.902344,0.941676
UNASSIGNED,dataset/images/52854eb9af835d2d.jpg,cls_1,0.504557,0.366699,0.983073,0.733398
UNASSIGNED,dataset/images/52c1e69c9a5c800b.jpg,cls_1,0.284668,0.586589,0.569336,0.826823
UNASSIGNED,dataset/images/5309aebcc2a32aaf.jpg,cls_1,0.533203,0.649905,0.039062,0.074004
UNASSIGNED,dataset/images/53708238431a4e8b.jpg,cls_1,0.687012,0.469849,0.413086,0.708543
UNASSIGNED,dataset/images/53a17c1df13b0a4f.jpg,cls_1,0.751465,0.051245,0.049805,0.067350
UNASSIGNED,dataset/images/53a2570fd76533d0.jpg,cls_1,0.220703,0.028592,0.025391,0.042522
UNASSIGNED,dataset/images/53c9c2a4df21cdad.jpg,cls_0,0.419434,0.195184,0.034180,0.042008
UNASSIGNED,dataset/images/53d7cb84e1549339.jpg,cls_1,0.341797,0.818382,0.050781,0.077941
UNASSIGNED,dataset/images/5431222168f2904f.jpg,cls_0,0.311605,0.135254,0.058739,0.041992
UNASSIGNED,dataset/images/54453eb5a0d54b9b.jpg,cls_1,0.265625,0.789714,0.031250,0.045573
UNASSIGNED,dataset/images/54a5860e3e2ab1d7.jpg,cls_1,0.618164,0.344070,0.033203,0.049780
UNASSIGNED,dataset/images/54b1a7b7d21fb43d.jpg,cls_0,0.366211,0.488636,0.365234,0.441919
UNASSIGNED,dataset/images/54ce8385ebe24cce.jpg,cls_1,0.928991,0.331380,0.110676,0.144531
UNASSIGNED,dataset/images/54d94faa73c0a680.jpg,cls_1,0.513184,0.592647,0.047852,0.067647
UNASSIGNED,dataset/images/5508591dfb268d56.jpg,cls_1,0.562988,0.740117,0.055664,0.077599
UNASSIGNED,dataset/images/553b42dab33d9196.jpg,cls_1,0.317383,0.423581,0.056641,0.084425
UNASSIGNED,dataset/images/553b42dab33d9196.jpg,cls_1,0.499512,0.160116,0.020508,0.049491
UNASSIGNED,dataset/images/55b7a673d2ae03d4.jpg,cls_1,0.117722,0.202637,0.162025,0.122070
UNASSIGNED,dataset/images/55ba02f2cb61edda.jpg,cls_1,0.307129,0.907353,0.075195,0.114706
UNASSIGNED,dataset/images/56185111751953d2.jpg,cls_1,0.470215,0.560547,0.008789,0.011719
UNASSIGNED,dataset/images/562e756d08745f4d.jpg,cls_1,0.839355,0.822794,0.059570,0.083824
UNASSIGNED,dataset/images/56e617414d786e1a.jpg,cls_1,0.369693,0.840332,0.185944,0.110352
UNASSIGNED,dataset/images/57302e7dd367ecae.jpg,cls_1,0.455566,0.854106,0.067383,0.095308
UNASSIGNED,dataset/images/574901d78c34e0a8.jpg,cls_0,0.648926,0.121145,0.024414,0.033774
UNASSIGNED,dataset/images/576ac58f5f2c2e15.jpg,cls_1,0.441895,0.630208,0.268555,0.320312
UNASSIGNED,dataset/images/576ee9da7a7645ec.jpg,cls_0,0.414062,0.696615,0.023438,0.031250
UNASSIGNED,dataset/images/57878bcb264f4f65.jpg,cls_1,0.619141,0.375569,0.048828,0.095599
UNASSIGNED,dataset/images/57df76ba6583ab96.jpg,cls_1,0.527832,0.724012,0.032227,0.057101
UNASSIGNED,dataset/images/57df9fc77d8e105a.jpg,cls_0,0.616713,0.286621,0.042818,0.032227
UNASSIGNED,dataset/images/5817a8e3905a00ed.jpg,cls_0,0.425293,0.848752,0.020508,0.026432
UNASSIGNED,dataset/images/58576e8ea50e45bf.jpg,cls_1,0.036133,0.626302,0.029297,0.036458
UNASSIGNED,dataset/images/58576e8ea50e45bf.jpg,cls_1,0.446777,0.708333,0.030273,0.041667
UNASSIGNED,dataset/images/587754393368e2aa.jpg,cls_1,0.391602,0.523426,0.021484,0.030747
UNASSIGNED,dataset/images/587e960b28bdb607.jpg,cls_1,0.314159,0.627441,0.144543,0.094727
UNASSIGNED,dataset/images/587e960b28bdb607.jpg,cls_1,0.274336,0.422363,0.058997,0.053711
UNASSIGNED,dataset/images/587e960b28bdb607.jpg,cls_1,0.392330,0.598145,0.079646,0.069336
UNASSIGNED,dataset/images/587e960b28bdb607.jpg,cls_1,0.818584,0.410156,0.076696,0.042969
UNASSIGNED,dataset/images/58e0f67342567fb2.jpg,cls_0,0.975329,0.223633,0.042763,0.046875
UNASSIGNED,dataset/images/59712e28cd108b7b.jpg,cls_1,0.883562,0.884277,0.183064,0.141602
UNASSIGNED,dataset/images/59eeb39d04d75bf4.jpg,cls_1,0.384766,0.170410,0.041016,0.047556
UNASSIGNED,dataset/images/5a5136be7bd4f8f1.jpg,cls_1,0.490234,0.218887,0.054688,0.080527
UNASSIGNED,dataset/images/5b2d46278377ee56.jpg,cls_1,0.243164,0.897251,0.089844,0.119110
UNASSIGNED,dataset/images/5b3736c269d3a77e.jpg,cls_1,0.285645,0.395996,0.135742,0.137695
UNASSIGNED,dataset/images/5b5e6471f07a196e.jpg,cls_1,0.942383,0.819383,0.095703,0.129222
UNASSIGNED,dataset/images/5bd17a5acf46daf7.jpg,cls_1,0.511719,0.528958,0.033203,0.065637
UNASSIGNED,dataset/images/5be648971ebdef6a.jpg,cls_1,0.546387,0.814599,0.059570,0.096350
UNASSIGNED,dataset/images/5bef8ab96a11bd46.jpg,cls_1,0.318848,0.668375,0.020508,0.024890
UNASSIGNED,dataset/images/5bef8ab96a11bd46.jpg,cls_1,0.524414,0.680088,0.017578,0.021962
UNASSIGNED,dataset/images/5bef8ab96a11bd46.jpg,cls_1,0.637695,0.688873,0.017578,0.024890
UNASSIGNED,dataset/images/5bef8ab96a11bd46.jpg,cls_1,0.760254,0.937775,0.135742,0.121523
UNASSIGNED,dataset/images/5bef8ab96a11bd46.jpg,cls_1,0.729980,0.739385,0.028320,0.055637
UNASSIGNED,dataset/images/5bef8ab96a11bd46.jpg,cls_1,0.746582,0.699854,0.026367,0.029283
UNASSIGNED,dataset/images/5bf354dac89b06c7.jpg,cls_1,0.197754,0.479719,0.020508,0.014041
UNASSIGNED,dataset/images/5bf354dac89b06c7.jpg,cls_1,0.358398,0.436817,0.009766,0.015601
UNASSIGNED,dataset/images/5bf354dac89b06c7.jpg,cls_1,0.501953,0.404836,0.011719,0.014041
UNASSIGNED,dataset/images/5bf354dac89b06c7.jpg,cls_1,0.635254,0.387676,0.010742,0.014041
UNASSIGNED,dataset/images/5c62ad762f887ddd.jpg,cls_1,0.396484,0.464758,0.087891,0.110132
UNASSIGNED,dataset/images/5ceb6c2732ef764f.jpg,cls_1,0.636230,0.595900,0.024414,0.035139
UNASSIGNED,dataset/images/5cf336a74e1d449d.jpg,cls_0,0.236328,0.537927,0.021484,0.029077
UNASSIGNED,dataset/images/5cf336a74e1d449d.jpg,cls_0,0.237305,0.537927,0.019531,0.031606
UNASSIGNED,dataset/images/5d01c1953f1d6887.jpg,cls_1,0.706543,0.855783,0.081055,0.124451
UNASSIGNED,dataset/images/5d426a2670c76247.jpg,cls_1,0.298828,0.489751,0.068359,0.101025
UNASSIGNED,dataset/images/5df956fd7823dba7.jpg,cls_1,0.174769,0.913086,0.145833,0.115234
UNASSIGNED,dataset/images/5e5b8154c111d14e.jpg,cls_1,0.594361,0.213867,0.212888,0.185547
UNASSIGNED,dataset/images/5e6df8bd2290de61.jpg,cls_0,0.557129,0.392544,0.010742,0.019006
UNASSIGNED,dataset/images/5e8fa0b455efc7e0.jpg,cls_1,0.369629,0.669761,0.020508,0.076923
UNASSIGNED,dataset/images/5f23ec53f163a24c.jpg,cls_1,0.499268,0.899902,0.155198,0.102539
UNASSIGNED,dataset/images/5fb03724f2084583.jpg,cls_1,0.342219,0.100098,0.134006,0.088867
UNASSIGNED,dataset/images/5fc38eaa80f4b594.jpg,cls_1,0.436523,0.863445,0.066406,0.088235
UNASSIGNED,dataset/images/5fc38eaa80f4b594.jpg,cls_1,0.678711,0.409664,0.025391,0.032213
UNASSIGNED,dataset/images/6004f140011c1282.jpg,cls_1,0.487793,0.674743,0.040039,0.054332
UNASSIGNED,dataset/images/608ea4c49b09dfd2.jpg,cls_1,0.305322,0.131836,0.170868,0.121094
UNASSIGNED,dataset/images/61052fcae53fe1d1.jpg,cls_1,0.955078,0.365300,0.089844,0.133236
UNASSIGNED,dataset/images/610e296a562e6c19.jpg,cls_1,0.261230,0.859375,0.055664,0.097222
UNASSIGNED,dataset/images/613b9b2fa5a0d0af.jpg,cls_1,0.336914,0.911189,0.083984,0.116084
UNASSIGNED,dataset/images/61a4f56eefffb648.jpg,cls_1,0.480000,0.368164,0.325333,0.177734
UNASSIGNED,dataset/images/61ba1e9846e4058a.jpg,cls_1,0.626953,0.780702,0.068359,0.108187
UNASSIGNED,dataset/images/621126bbfca71c1b.jpg,cls_1,0.439453,0.710720,0.037109,0.061674
UNASSIGNED,dataset/images/62ab8e27e98b600c.jpg,cls_1,0.388184,0.472100,0.176758,0.259912
UNASSIGNED,dataset/images/63472bcf82e41120.jpg,cls_1,0.726562,0.292750,0.113281,0.166895
UNASSIGNED,dataset/images/63b7e98772322753.jpg,cls_1,0.458984,0.475735,0.019531,0.022059
UNASSIGNED,dataset/images/6411d92beb07a929.jpg,cls_1,0.423828,0.173792,0.041016,0.076208
UNASSIGNED,dataset/images/6411d92beb07a929.jpg,cls_1,0.687988,0.726766,0.041992,0.055762
UNASSIGNED,dataset/images/643d9f62e4ce83d0.jpg,cls_1,0.201660,0.825769,0.098633,0.122987
UNASSIGNED,dataset/images/644c87d7ba00df7c.jpg,cls_1,0.463867,0.582451,0.017578,0.018154
UNASSIGNED,dataset/images/64549b5ae3f60aa1.jpg,cls_1,0.377441,0.686676,0.041992,0.070278
UNASSIGNED,dataset/images/648a152cbedf2270.jpg,cls_1,0.381720,0.866699,0.268817,0.114258
UNASSIGNED,dataset/images/649e63471aaca870.jpg,cls_1,0.483398,0.961933,0.080078,0.073206
UNASSIGNED,dataset/images/649e63471aaca870.jpg,cls_1,0.644531,0.860176,0.078125,0.095168
UNASSIGNED,dataset/images/649e63471aaca870.jpg,cls_1,0.733398,0.839678,0.074219,0.086384
UNASSIGNED,dataset/images/64ab9a30bfaf6dfd.jpg,cls_0,0.793945,0.622794,0.017578,0.027941
UNASSIGNED,dataset/images/64bb82bffccb7809.jpg,cls_1,0.400879,0.177160,0.045898,0.070278
UNASSIGNED,dataset/images/64bbcdeb2017d096.jpg,cls_0,0.610352,0.728006,0.025391,0.036657
UNASSIGNED,dataset/images/64f42267c8ef48c0.jpg,cls_1,0.473145,0.498536,0.010742,0.019034
UNASSIGNED,dataset/images/65567644afede108.jpg,cls_1,0.596182,0.803711,0.114537,0.068359
UNASSIGNED,dataset/images/655b7d99549d498e.jpg,cls_1,0.630859,0.888563,0.062500,0.087977
UNASSIGNED,dataset/images/65ad92872524aa92.jpg,cls_1,0.943359,0.692533,0.080078,0.117130
UNASSIGNED,dataset/images/65cf5d0e4dbb96b1.jpg,cls_1,0.481934,0.892557,0.092773,0.097239
UNASSIGNED,dataset/images/65ed0e1c53def5d7.jpg,cls_1,0.368742,0.846680,0.141636,0.113281
UNASSIGNED,dataset/images/66805c2bb9dee9f5.jpg,cls_1,0.491266,0.753906,0.181951,0.123047
UNASSIGNED,dataset/images/6680caefb68bfd6a.jpg,cls_1,0.439453,0.441435,0.035156,0.060029
UNASSIGNED,dataset/images/66c915033a1623ec.jpg,cls_1,0.506348,0.759883,0.100586,0.146413
UNASSIGNED,dataset/images/676aa4d4163ed075.jpg,cls_1,0.663086,0.882006,0.089844,0.132743
UNASSIGNED,dataset/images/67799ad164f8e70f.jpg,cls_1,0.576172,0.883749,0.101562,0.123369
UNASSIGNED,dataset/images/67ee8ca42d76b127.jpg,cls_1,0.138184,0.868741,0.079102,0.119879
UNASSIGNED,dataset/images/6817b06f5375b710.jpg,cls_1,0.495117,0.797218,0.072266,0.106881
UNASSIGNED,dataset/images/6828ee765e519fe1.jpg,cls_0,0.737793,0.630499,0.381836,0.554252
UNASSIGNED,dataset/images/6828ee765e519fe1.jpg,cls_0,0.178711,0.779326,0.357422,0.438416
UNASSIGNED,dataset/images/6828ee765e519fe1.jpg,cls_0,0.499512,0.499267,0.999023,0.998534
UNASSIGNED,dataset/images/6828ee765e519fe1.jpg,cls_0,0.500488,0.499267,0.997070,0.998534
UNASSIGNED,dataset/images/687e6caf64fd6839.jpg,cls_1,0.545410,0.537109,0.733398,0.925781
UNASSIGNED,dataset/images/68ce335b7f944cd5.jpg,cls_0,0.295588,0.356445,0.591176,0.443359
UNASSIGNED,dataset/images/68ce335b7f944cd5.jpg,cls_0,0.499265,0.499512,0.998529,0.999023
UNASSIGNED,dataset/images/6903f155db63a837.jpg,cls_1,0.341797,0.810134,0.113281,0.142857
UNASSIGNED,dataset/images/694e5af665198215.jpg,cls_1,0.570295,0.282227,0.265306,0.115234
UNASSIGNED,dataset/images/6957c71117fe6153.jpg,cls_1,0.514160,0.662023,0.022461,0.030792
UNASSIGNED,dataset/images/699268d9b73293c8.jpg,cls_1,0.701660,0.699854,0.004883,0.008785
UNASSIGNED,dataset/images/699778bbff222b98.jpg,cls_1,0.298340,0.743025,0.067383,0.099853
UNASSIGNED,dataset/images/6a1e60e7abfaf5e8.jpg,cls_1,0.552246,0.158203,0.053711,0.074219
UNASSIGNED,dataset/images/6a33877347f526b8.jpg,cls_1,0.292094,0.120117,0.133236,0.093750
UNASSIGNED,dataset/images/6a5d3d3d30e8f444.jpg,cls_1,0.816895,0.736919,0.079102,0.104651
UNASSIGNED,dataset/images/6a9bb06320a811de.jpg,cls_1,0.601074,0.143485,0.176758,0.266471
UNASSIGNED,dataset/images/6ab2ed3131bd7f1d.jpg,cls_1,0.291504,0.391834,0.077148,0.110315
UNASSIGNED,dataset/images/6abc0edfc1a635bd.jpg,cls_0,0.689453,0.649740,0.439453,0.505208
UNASSIGNED,dataset/images/6b2def34ca8b207b.jpg,cls_0,0.636719,0.655653,0.011719,0.019090
UNASSIGNED,dataset/images/6bc89b9744a6a054.jpg,cls_1,0.746499,0.880371,0.182073,0.118164
UNASSIGNED,dataset/images/6c022ecfc294a16a.jpg,cls_1,0.510742,0.679356,0.048828,0.070278
UNASSIGNED,dataset/images/6c45b870ff603773.jpg,cls_1,0.145508,0.486091,0.017578,0.029283
UNASSIGNED,dataset/images/6c45b870ff603773.jpg,cls_1,0.161621,0.592240,0.047852,0.077599
UNASSIGNED,dataset/images/6c45b870ff603773.jpg,cls_1,0.185547,0.697657,0.087891,0.115666
UNASSIGNED,dataset/images/6c45b870ff603773.jpg,cls_1,0.559570,0.768668,0.109375,0.163982
UNASSIGNED,dataset/images/6d46529d4fd45cfc.jpg,cls_1,0.620605,0.901042,0.077148,0.109375
UNASSIGNED,dataset/images/6d81fd4fa923665a.jpg,cls_1,0.297363,0.244849,0.024414,0.042789
UNASSIGNED,dataset/images/6d9262b7e81c885f.jpg,cls_0,0.521484,0.489746,0.767578,0.741211
UNASSIGNED,dataset/images/6da2847229368264.jpg,cls_1,0.225476,0.354492,0.213763,0.140625
UNASSIGNED,dataset/images/6ee2030d957cd508.jpg,cls_0,0.320312,0.735683,0.025391,0.032305
UNASSIGNED,dataset/images/6eed69e8be11eae2.jpg,cls_1,0.378993,0.169922,0.121622,0.082031
UNASSIGNED,dataset/images/6f8ad6f2f2e47564.jpg,cls_1,0.104492,0.940430,0.208984,0.115234
UNASSIGNED,dataset/images/6f8ad6f2f2e47564.jpg,cls_1,0.313477,0.635254,0.626953,0.323242
UNASSIGNED,dataset/images/6f8ad6f2f2e47564.jpg,cls_1,0.403320,0.966797,0.296875,0.062500
UNASSIGNED,dataset/images/6f8ad6f2f2e47564.jpg,cls_1,0.599121,0.888184,0.083008,0.129883
UNASSIGNED,dataset/images/6f8ad6f2f2e47564.jpg,cls_1,0.750488,0.765625,0.166992,0.162109
UNASSIGNED,dataset/images/6f8ad6f2f2e47564.jpg,cls_1,0.788574,0.962402,0.051758,0.071289
UNASSIGNED,dataset/images/6f8ad6f2f2e47564.jpg,cls_1,0.824219,0.691895,0.070312,0.112305
UNASSIGNED,dataset/images/6f8ad6f2f2e47564.jpg,cls_1,0.818848,0.901855,0.055664,0.106445
UNASSIGNED,dataset/images/6f9742162b67a812.jpg,cls_1,0.053223,0.640483,0.061523,0.087613
UNASSIGNED,dataset/images/6f9742162b67a812.jpg,cls_1,0.529297,0.666918,0.091797,0.131420
UNASSIGNED,dataset/images/6f9742162b67a812.jpg,cls_1,0.943848,0.546073,0.079102,0.137462
UNASSIGNED,dataset/images/7165caabe66ede4f.jpg,cls_1,0.629371,0.817708,0.114219,0.127604
UNASSIGNED,dataset/images/71976104277edd05.jpg,cls_1,0.631836,0.753414,0.078125,0.083460
UNASSIGNED,dataset/images/72ec1372d65391a2.jpg,cls_1,0.399902,0.644323,0.065430,0.076607
UNASSIGNED,dataset/images/72ee2f15b5bdf139.jpg,cls_1,0.426270,0.594958,0.055664,0.094118
UNASSIGNED,dataset/images/7369243843d5d9b5.jpg,cls_1,0.530762,0.887863,0.092773,0.116095
UNASSIGNED,dataset/images/736adc25671fb004.jpg,cls_0,0.508789,0.822108,0.011719,0.019034
UNASSIGNED,dataset/images/741566f7406e8b12.jpg,cls_1,0.662109,0.802222,0.101562,0.108889
UNASSIGNED,dataset/images/74292e0492afbdac.jpg,cls_1,0.833008,0.051829,0.099609,0.103659
UNASSIGNED,dataset/images/743634cc3cd62061.jpg,cls_1,0.234375,0.746124,0.070312,0.091731
UNASSIGNED,dataset/images/743e054d57d9e4dc.jpg,cls_1,0.613281,0.128299,0.035156,0.051320
UNASSIGNED,dataset/images/74596be8135c03f3.jpg,cls_1,0.193089,0.821289,0.136856,0.099609
UNASSIGNED,dataset/images/746d8cccf68176e7.jpg,cls_1,0.060059,0.262431,0.077148,0.096685
UNASSIGNED,dataset/images/74b5621b40aaf632.jpg,cls_1,0.762695,0.824270,0.111328,0.111782
UNASSIGNED,dataset/images/74c79b51b61b2838.jpg,cls_1,0.326660,0.142206,0.083008,0.088057
UNASSIGNED,dataset/images/753c8678a7e14646.jpg,cls_1,0.345215,0.363994,0.053711,0.070755
UNASSIGNED,dataset/images/75dcfbcfe7ac2db0.jpg,cls_1,0.530762,0.456250,0.530273,0.850000
UNASSIGNED,dataset/images/75e25b7ddfc4987b.jpg,cls_1,0.168945,0.382138,0.044922,0.049780
UNASSIGNED,dataset/images/761329e36e04dd2f.jpg,cls_1,0.342336,0.152344,0.200000,0.119141
UNASSIGNED,dataset/images/76d035460f5b815a.jpg,cls_1,0.489258,0.763971,0.041016,0.072059
UNASSIGNED,dataset/images/779b89a2cf8170e6.jpg,cls_1,0.088379,0.456055,0.135742,0.119141
UNASSIGNED,dataset/images/77b52ac2c654cf6e.jpg,cls_1,0.334961,0.496340,0.275391,0.404100
UNASSIGNED,dataset/images/77dc3eb5b8766651.jpg,cls_1,0.715332,0.440755,0.149414,0.188802
UNASSIGNED,dataset/images/77f02a8b842f947f.jpg,cls_1,0.767090,0.930100,0.102539,0.139800
UNASSIGNED,dataset/images/77ff1cca0369c3ad.jpg,cls_1,0.240234,0.670349,0.103516,0.122093
UNASSIGNED,dataset/images/78550ab8b714d03c.jpg,cls_1,0.836426,0.752137,0.088867,0.112332
UNASSIGNED,dataset/images/7871aafb64081e2d.jpg,cls_1,0.783203,0.558300,0.017578,0.041502
UNASSIGNED,dataset/images/78acf3cec4138ce9.jpg,cls_1,0.429792,0.227539,0.092796,0.074219
UNASSIGNED,dataset/images/78b714ceb92e44ad.jpg,cls_1,0.324707,0.561728,0.124023,0.172840
UNASSIGNED,dataset/images/78cd2364a4ee1fab.jpg,cls_1,0.317383,0.623047,0.033203,0.048177
UNASSIGNED,dataset/images/78cd2364a4ee1fab.jpg,cls_1,0.820312,0.552734,0.031250,0.032552
UNASSIGNED,dataset/images/78cd2364a4ee1fab.jpg,cls_1,0.985352,0.771484,0.027344,0.050781
UNASSIGNED,dataset/images/79024a259003a0e9.jpg,cls_1,0.721324,0.817383,0.557353,0.365234
UNASSIGNED,dataset/images/7911566f980a468c.jpg,cls_1,0.052734,0.333821,0.013672,0.023426
UNASSIGNED,dataset/images/792197580fd23eb1.jpg,cls_1,0.338379,0.901903,0.090820,0.117130
UNASSIGNED,dataset/images/79373ebbf85b01cf.jpg,cls_0,0.366699,0.530147,0.733398,0.936765
UNASSIGNED,dataset/images/7aa9f5378f2ba681.jpg,cls_1,0.609863,0.771596,0.059570,0.087848
UNASSIGNED,dataset/images/7ad83cbf1052e4f8.jpg,cls_1,0.319824,0.380673,0.053711,0.076135
UNASSIGNED,dataset/images/7ad83cbf1052e4f8.jpg,cls_1,0.328613,0.329429,0.057617,0.079063
UNASSIGNED,dataset/images/7ad83cbf1052e4f8.jpg,cls_1,0.365234,0.388726,0.048828,0.077599
UNASSIGNED,dataset/images/7ad83cbf1052e4f8.jpg,cls_1,0.469238,0.721083,0.102539,0.133236
UNASSIGNED,dataset/images/7ad83cbf1052e4f8.jpg,cls_1,0.474121,0.858712,0.092773,0.221083
UNASSIGNED,dataset/images/7ad83cbf1052e4f8.jpg,cls_1,0.758301,0.310395,0.047852,0.081991
UNASSIGNED,dataset/images/7ad83cbf1052e4f8.jpg,cls_1,0.892578,0.484627,0.078125,0.096633
UNASSIGNED,dataset/images/7ad83cbf1052e4f8.jpg,cls_1,0.974121,0.382870,0.049805,0.112738
UNASSIGNED,dataset/images/7ad83cbf1052e4f8.jpg,cls_1,0.979492,0.321376,0.039062,0.074671
UNASSIGNED,dataset/images/7af766bd43da900b.jpg,cls_1,0.335938,0.305970,0.316406,0.480597
UNASSIGNED,dataset/images/7af766bd43da900b.jpg,cls_1,0.600098,0.604478,0.491211,0.749254
UNASSIGNED,dataset/images/7b34306166c8c040.jpg,cls_1,0.700195,0.579562,0.203125,0.286131
UNASSIGNED,dataset/images/7b3a9108f85ab0dd.jpg,cls_1,0.524414,0.914348,0.115234,0.171303
UNASSIGNED,dataset/images/7b8220ed70ea63d7.jpg,cls_1,0.624874,0.330078,0.153691,0.188802
UNASSIGNED,dataset/images/7b9f56a140230102.jpg,cls_1,0.192115,0.688477,0.071339,0.070312
UNASSIGNED,dataset/images/7b9f56a140230102.jpg,cls_1,0.228411,0.641602,0.076345,0.054688
UNASSIGNED,dataset/images/7b9f56a140230102.jpg,cls_1,0.269086,0.687988,0.075094,0.061523
UNASSIGNED,dataset/images/7be09edb763e939d.jpg,cls_1,0.451172,0.273792,0.085938,0.122987
UNASSIGNED,dataset/images/7be49a3b371350df.jpg,cls_1,0.628134,0.878418,0.133705,0.098633
UNASSIGNED,dataset/images/7ca977102dd8d37f.jpg,cls_1,0.267651,0.854167,0.096277,0.101562
UNASSIGNED,dataset/images/7d18415cfd5aa235.jpg,cls_0,0.518066,0.458977,0.014648,0.019025
UNASSIGNED,dataset/images/7d332d6d0c8a2a71.jpg,cls_1,0.371094,0.860200,0.078125,0.111270
UNASSIGNED,dataset/images/7d365de84f84e426.jpg,cls_0,0.690918,0.490338,0.012695,0.017713
UNASSIGNED,dataset/images/7d7fe57041dc284f.jpg,cls_1,0.456055,0.653734,0.048828,0.068814
UNASSIGNED,dataset/images/7d9490d24123f0aa.jpg,cls_1,0.390625,0.777344,0.066406,0.078125
UNASSIGNED,dataset/images/7dc9b06ebd434c17.jpg,cls_1,0.352051,0.834579,0.055664,0.095327
UNASSIGNED,dataset/images/7e57468965bacd98.jpg,cls_1,0.525879,0.887582,0.166992,0.214379
UNASSIGNED,dataset/images/7e5cb81a3e07c4ee.jpg,cls_1,0.751953,0.472182,0.052734,0.080527
UNASSIGNED,dataset/images/7ec815e2bfde98d7.jpg,cls_0,0.505874,0.888184,0.054332,0.038086
UNASSIGNED,dataset/images/7ed0e7f000076436.jpg,cls_1,0.823730,0.802190,0.083008,0.124088
UNASSIGNED,dataset/images/7ede75bce7b52da1.jpg,cls_1,0.692383,0.324460,0.007812,0.010072
UNASSIGNED,dataset/images/7effd1aedbbf8b4a.jpg,cls_1,0.303711,0.835556,0.082031,0.121481
UNASSIGNED,dataset/images/7f607d61a9932315.jpg,cls_0,0.267578,0.768501,0.156250,0.220114
UNASSIGNED,dataset/images/7f607d61a9932315.jpg,cls_0,0.225586,0.576850,0.048828,0.091082
UNASSIGNED,dataset/images/7f607d61a9932315.jpg,cls_0,0.354492,0.289374,0.054688,0.108159
UNASSIGNED,dataset/images/7f607d61a9932315.jpg,cls_0,0.458496,0.412713,0.067383,0.134725
UNASSIGNED,dataset/images/7f607d61a9932315.jpg,cls_0,0.520996,0.830171,0.049805,0.096774
UNASSIGNED,dataset/images/7f607d61a9932315.jpg,cls_0,0.730469,0.248577,0.050781,0.098672
UNASSIGNED,dataset/images/7f8e3132a62c9d10.jpg,cls_1,0.120791,0.545410,0.153734,0.104492
UNASSIGNED,dataset/images/7faaaa5fef4f8031.jpg,cls_1,0.570312,0.830645,0.062500,0.077713
UNASSIGNED,dataset/images/7ff4139775627c47.jpg,cls_1,0.431818,0.902344,0.126482,0.121094
UNASSIGNED,dataset/images/808cd0ed7ab36f7d.jpg,cls_1,0.794922,0.869118,0.099609,0.150000
UNASSIGNED,dataset/images/80a2fb23ab65a1a4.jpg,cls_1,0.206543,0.680339,0.012695,0.011719
UNASSIGNED,dataset/images/810626c1c944252a.jpg,cls_1,0.758789,0.709079,0.068359,0.080563
UNASSIGNED,dataset/images/81535c7597ce55d6.jpg,cls_1,0.921387,0.739354,0.040039,0.069016
UNASSIGNED,dataset/images/823a6ca1e4f1a165.jpg,cls_0,0.620117,0.417910,0.017578,0.029851
UNASSIGNED,dataset/images/82cfe76ad4e66367.jpg,cls_1,0.438999,0.176270,0.137643,0.118164
UNASSIGNED,dataset/images/8303c58910197b71.jpg,cls_1,0.790365,0.664551,0.111979,0.081055
UNASSIGNED,dataset/images/83107dfeb79b1669.jpg,cls_1,0.333496,0.458984,0.485352,0.636719
UNASSIGNED,dataset/images/8394d084c0e6c0e6.jpg,cls_1,0.178962,0.910645,0.191257,0.133789
UNASSIGNED,dataset/images/83b0ba9e3406f426.jpg,cls_1,0.628418,0.731771,0.016602,0.020833
UNASSIGNED,dataset/images/8432f982d18198d7.jpg,cls_1,0.767578,0.571219,0.074219,0.096916
UNASSIGNED,dataset/images/84f109ff81b7a997.jpg,cls_1,0.779817,0.858398,0.154653,0.117188
UNASSIGNED,dataset/images/856487f3c0ee0e34.jpg,cls_1,0.733529,0.629395,0.102489,0.061523
UNASSIGNED,dataset/images/85b73dda44e5e128.jpg,cls_1,0.804688,0.908358,0.083984,0.115836
UNASSIGNED,dataset/images/8617dd5cd66db8e1.jpg,cls_1,0.494629,0.506589,0.235352,0.348463
UNASSIGNED,dataset/images/8629c5fbd38cdca6.jpg,cls_1,0.678223,0.359534,0.061523,0.101892
UNASSIGNED,dataset/images/865f018765a05698.jpg,cls_1,0.305271,0.715332,0.127379,0.084961
UNASSIGNED,dataset/images/86af05e8c680f5a5.jpg,cls_1,0.556641,0.871261,0.103516,0.143043
UNASSIGNED,dataset/images/86dead6faf192b5a.jpg,cls_1,0.495117,0.285217,0.033203,0.062609
UNASSIGNED,dataset/images/86ef3f1ae6db2913.jpg,cls_1,0.647461,0.753472,0.068359,0.118056
UNASSIGNED,dataset/images/86f94cc8962f86b7.jpg,cls_1,0.425781,0.663200,0.044922,0.068800
UNASSIGNED,dataset/images/8804fde453dbccc8.jpg,cls_1,0.771724,0.250000,0.078621,0.052734
UNASSIGNED,dataset/images/88696c0e0f019f2a.jpg,cls_1,0.493164,0.656158,0.542969,0.687683
UNASSIGNED,dataset/images/890fd2dc4635552a.jpg,cls_1,0.525879,0.625977,0.081055,0.080078
UNASSIGNED,dataset/images/8922bc25871d51aa.jpg,cls_1,0.482910,0.342606,0.209961,0.307467
UNASSIGNED,dataset/images/894798cd5e93b5bd.jpg,cls_1,0.668945,0.109611,0.074219,0.078834
UNASSIGNED,dataset/images/89aabae1dad165b2.jpg,cls_1,0.413574,0.900367,0.104492,0.125917
UNASSIGNED,dataset/images/8a4ed125ee1e6fe2.jpg,cls_1,0.296387,0.833089,0.079102,0.117130
UNASSIGNED,dataset/images/8a7e178dea66e85f.jpg,cls_1,0.229980,0.847005,0.083008,0.108073
UNASSIGNED,dataset/images/8aa665e7810453b6.jpg,cls_0,0.274902,0.523495,0.012695,0.024963
UNASSIGNED,dataset/images/8aa665e7810453b6.jpg,cls_0,0.276367,0.524229,0.015625,0.026432
UNASSIGNED,dataset/images/8acc01ec7157337a.jpg,cls_1,0.173828,0.240234,0.027344,0.029948
UNASSIGNED,dataset/images/8b05c26e81becb14.jpg,cls_0,0.309570,0.465040,0.490234,0.663588
UNASSIGNED,dataset/images/8b3e6c8e16a5a99f.jpg,cls_1,0.436035,0.754038,0.063477,0.089574
UNASSIGNED,dataset/images/8b9a5e7e70132069.jpg,cls_1,0.383625,0.828613,0.130793,0.122070
UNASSIGNED,dataset/images/8bd578f4b490a7e7.jpg,cls_0,0.339355,0.642956,0.014648,0.026243
UNASSIGNED,dataset/images/8bd578f4b490a7e7.jpg,cls_0,0.339844,0.642265,0.015625,0.024862
UNASSIGNED,dataset/images/8c15a6633cb15af5.jpg,cls_1,0.543457,0.468099,0.813477,0.936198
UNASSIGNED,dataset/images/8c93624792499666.jpg,cls_1,0.845215,0.440703,0.053711,0.079063
UNASSIGNED,dataset/images/8cc379dbe56621ee.jpg,cls_1,0.193848,0.486091,0.372070,0.550512
UNASSIGNED,dataset/images/8cd2cf73c33afb8f.jpg,cls_1,0.335724,0.073242,0.176010,0.123047
UNASSIGNED,dataset/images/8d55772261d8ef52.jpg,cls_1,0.271484,0.640029,0.542969,0.719941
UNASSIGNED,dataset/images/8da94937181cbfd6.jpg,cls_1,0.443287,0.066406,0.090278,0.074219
UNASSIGNED,dataset/images/8dcb2d61deadcf2a.jpg,cls_1,0.480563,0.730957,0.127346,0.077148
UNASSIGNED,dataset/images/8e0b0b963f7e0d82.jpg,cls_1,0.341797,0.787109,0.033203,0.045573
UNASSIGNED,dataset/images/8e0b0b963f7e0d82.jpg,cls_1,0.968750,0.662109,0.029297,0.040365
UNASSIGNED,dataset/images/8e275487e524ff22.jpg,cls_1,0.382812,0.821979,0.042969,0.052699
UNASSIGNED,dataset/images/8e6a7e5f6b45e040.jpg,cls_1,0.210938,0.815625,0.074219,0.112500
UNASSIGNED,dataset/images/8e92ca8f557543fd.jpg,cls_0,0.789526,0.818359,0.061265,0.052734
UNASSIGNED,dataset/images/8f1c52f88d9fc6c3.jpg,cls_1,0.493652,0.634766,0.403320,0.542969
UNASSIGNED,dataset/images/8f577f379b807a8c.jpg,cls_1,0.614746,0.666423,0.065430,0.106569
UNASSIGNED,dataset/images/8f7f9c9fdc802ee6.jpg,cls_0,0.519531,0.400439,0.017578,0.027818
UNASSIGNED,dataset/images/8f93a180780764f7.jpg,cls_1,0.255859,0.450924,0.115234,0.121247
UNASSIGNED,dataset/images/8fb130252c2fe686.jpg,cls_1,0.273792,0.897461,0.199122,0.105469
UNASSIGNED,dataset/images/8feacfbc5b7eecb3.jpg,cls_0,0.498264,0.616699,0.927083,0.674805
UNASSIGNED,dataset/images/8feacfbc5b7eecb3.jpg,cls_0,0.509549,0.178711,0.355903,0.218750
UNASSIGNED,dataset/images/8feacfbc5b7eecb3.jpg,cls_0,0.453125,0.036621,0.121528,0.047852
UNASSIGNED,dataset/images/8feacfbc5b7eecb3.jpg,cls_0,0.491319,0.067383,0.197917,0.064453
UNASSIGNED,dataset/images/90d21428b64fcdf2.jpg,cls_1,0.109863,0.081511,0.088867,0.091451
UNASSIGNED,dataset/images/90e9af3509ed1263.jpg,cls_1,0.212891,0.566667,0.099609,0.137255
UNASSIGNED,dataset/images/9112efdfdd55df37.jpg,cls_1,0.380673,0.322754,0.043924,0.026367
UNASSIGNED,dataset/images/9134414b885ff5b5.jpg,cls_1,0.659180,0.635758,0.105469,0.105455
UNASSIGNED,dataset/images/91358aa72177133f.jpg,cls_1,0.078125,0.950365,0.156250,0.096350
UNASSIGNED,dataset/images/91358aa72177133f.jpg,cls_1,0.916504,0.829197,0.147461,0.221898
UNASSIGNED,dataset/images/9192598e338abafa.jpg,cls_1,0.206442,0.063965,0.412884,0.127930
UNASSIGNED,dataset/images/91e94e5640176614.jpg,cls_1,0.813783,0.734863,0.143695,0.094727
UNASSIGNED,dataset/images/91fe3c75e44d9ead.jpg,cls_1,0.243164,0.221354,0.015625,0.018229
UNASSIGNED,dataset/images/91fe3c75e44d9ead.jpg,cls_1,0.285645,0.230469,0.014648,0.018229
UNASSIGNED,dataset/images/91fe3c75e44d9ead.jpg,cls_1,0.342773,0.742839,0.035156,0.042969
UNASSIGNED,dataset/images/925165284848385f.jpg,cls_0,0.246094,0.237151,0.023438,0.045521
UNASSIGNED,dataset/images/929171d64faa2c32.jpg,cls_1,0.182617,0.887500,0.080078,0.113235
UNASSIGNED,dataset/images/9298939a7deb1f61.jpg,cls_1,0.667969,0.614370,0.035156,0.058651
UNASSIGNED,dataset/images/92ad17ecf66a01af.jpg,cls_1,0.360352,0.790746,0.033203,0.048343
UNASSIGNED,dataset/images/93098ff5a4039471.jpg,cls_1,0.348633,0.403959,0.087891,0.127566
UNASSIGNED,dataset/images/9435443380deaa98.jpg,cls_1,0.938965,0.100293,0.120117,0.188873
UNASSIGNED,dataset/images/943a86112216975f.jpg,cls_1,0.416992,0.804985,0.062500,0.085044
UNASSIGNED,dataset/images/948c14e5bf5d5898.jpg,cls_1,0.728516,0.381836,0.152344,0.111328
UNASSIGNED,dataset/images/9526cc69eb40938f.jpg,cls_1,0.356950,0.440430,0.230769,0.095703
UNASSIGNED,dataset/images/9589e8ae82926c52.jpg,cls_0,0.717773,0.581956,0.013672,0.017906
UNASSIGNED,dataset/images/9600550d3a6c7936.jpg,cls_1,0.644949,0.101562,0.203514,0.140625
UNASSIGNED,dataset/images/964831836ba58083.jpg,cls_1,0.669434,0.703907,0.081055,0.091575
UNASSIGNED,dataset/images/9701bf1c2feb96d8.jpg,cls_1,0.281250,0.859558,0.060547,0.078023
UNASSIGNED,dataset/images/9711903ec242c90f.jpg,cls_1,0.349121,0.825769,0.153320,0.219619
UNASSIGNED,dataset/images/973645e9516726b3.jpg,cls_1,0.658203,0.403818,0.101562,0.155653
UNASSIGNED,dataset/images/97632e05ede9db9b.jpg,cls_1,0.826660,0.089233,0.086914,0.131268
UNASSIGNED,dataset/images/976601ae093c4015.jpg,cls_1,0.358398,0.808199,0.083984,0.105417
UNASSIGNED,dataset/images/977f914343300325.jpg,cls_1,0.477051,0.568082,0.309570,0.465593
UNASSIGNED,dataset/images/97eedfc0051ce11f.jpg,cls_1,0.517578,0.900353,0.052734,0.107584
UNASSIGNED,dataset/images/97f907f98b6889af.jpg,cls_1,0.385742,0.778184,0.082031,0.127379
UNASSIGNED,dataset/images/98019b4198082f34.jpg,cls_1,0.721680,0.841142,0.109375,0.165447
UNASSIGNED,dataset/images/9803fef1d006d957.jpg,cls_1,0.465492,0.511230,0.834068,0.547852
UNASSIGNED,dataset/images/98723cd3eaaa6c5e.jpg,cls_1,0.865234,0.665172,0.037109,0.053812
UNASSIGNED,dataset/images/98c1d396b5b01f4d.jpg,cls_1,0.556641,0.585652,0.013672,0.038067
UNASSIGNED,dataset/images/99bddf629ee7f7f5.jpg,cls_1,0.538086,0.871353,0.089844,0.111406
UNASSIGNED,dataset/images/99d3c2b1ce9f0abd.jpg,cls_1,0.292969,0.562317,0.093750,0.124633
UNASSIGNED,dataset/images/99d3c2b1ce9f0abd.jpg,cls_1,0.666504,0.372434,0.112305,0.184751
UNASSIGNED,dataset/images/99e27d0a7de04237.jpg,cls_1,0.439941,0.530928,0.879883,0.935199
UNASSIGNED,dataset/images/9a18bb184527d2ca.jpg,cls_1,0.449275,0.097656,0.120401,0.107422
UNASSIGNED,dataset/images/9ab7146689e03317.jpg,cls_1,0.342773,0.770925,0.062500,0.099853
UNASSIGNED,dataset/images/9adf39b9322a2e40.jpg,cls_1,0.897341,0.783203,0.161004,0.105469
UNASSIGNED,dataset/images/9b38fec7d7aadfae.jpg,cls_1,0.698568,0.917969,0.149740,0.087891
UNASSIGNED,dataset/images/9bd65214eb2bc117.jpg,cls_1,0.136230,0.766927,0.081055,0.098958
UNASSIGNED,dataset/images/9c7d5c441f242e9b.jpg,cls_1,0.398438,0.821739,0.054688,0.088696
UNASSIGNED,dataset/images/9ca17eae0e5ebb26.jpg,cls_1,0.108425,0.925781,0.208564,0.148438
UNASSIGNED,dataset/images/9cb1aa327a663444.jpg,cls_1,0.535633,0.071777,0.055430,0.049805
UNASSIGNED,dataset/images/9ce3146dffb7bb67.jpg,cls_1,0.378418,0.808594,0.124023,0.174479
UNASSIGNED,dataset/images/9ce3146dffb7bb67.jpg,cls_1,0.668457,0.636068,0.036133,0.037760
UNASSIGNED,dataset/images/9ce3a067de6a0255.jpg,cls_0,0.396923,0.418945,0.053333,0.041016
UNASSIGNED,dataset/images/9ce9d1d5d10d4f21.jpg,cls_1,0.708984,0.955090,0.140625,0.087425
UNASSIGNED,dataset/images/9d3ff10b39aee43d.jpg,cls_0,0.451660,0.398926,0.407227,0.405273
UNASSIGNED,dataset/images/9d5c64241112eba0.jpg,cls_0,0.809082,0.505789,0.026367,0.036179
UNASSIGNED,dataset/images/9db0866a23aa6a1e.jpg,cls_1,0.523926,0.613971,0.012695,0.025000
UNASSIGNED,dataset/images/9db0edf1d1adb81a.jpg,cls_1,0.438950,0.152832,0.133089,0.106445
UNASSIGNED,dataset/images/9e8a292d8b30169a.jpg,cls_1,0.565430,0.552863,0.027344,0.039648
UNASSIGNED,dataset/images/9eeab20f1a45ffc4.jpg,cls_1,0.678624,0.710938,0.194729,0.142578
UNASSIGNED,dataset/images/9ef1b71f6c5b4aa1.jpg,cls_1,0.306735,0.541016,0.308931,0.207031
UNASSIGNED,dataset/images/9f5643c5128148e9.jpg,cls_1,0.563477,0.753294,0.076172,0.103953
UNASSIGNED,dataset/images/9fc76402b77bfec0.jpg,cls_1,0.603027,0.893119,0.086914,0.105417
UNASSIGNED,dataset/images/9fe9714bc79b9522.jpg,cls_1,0.327822,0.816895,0.124287,0.104492
UNASSIGNED,dataset/images/a0a478cb014b486e.jpg,cls_1,0.677734,0.895833,0.107422,0.145833
UNASSIGNED,dataset/images/a109a3b50033fa3d.jpg,cls_1,0.441895,0.848993,0.051758,0.060403
UNASSIGNED,dataset/images/a201d2e6f2ae7ae2.jpg,cls_0,0.380371,0.608887,0.036133,0.038086
UNASSIGNED,dataset/images/a237d374506fb42c.jpg,cls_1,0.888184,0.282427,0.215820,0.258020
UNASSIGNED,dataset/images/a26c97d6b7118bc9.jpg,cls_1,0.468750,0.243652,0.074292,0.075195
UNASSIGNED,dataset/images/a2ce8c42bb99bb43.jpg,cls_1,0.598145,0.825650,0.090820,0.102837
UNASSIGNED,dataset/images/a2cf1e63e96f6dd8.jpg,cls_1,0.497559,0.784672,0.055664,0.080292
UNASSIGNED,dataset/images/a323e1acba611232.jpg,cls_1,0.640137,0.110490,0.083008,0.114685
UNASSIGNED,dataset/images/a330274807ddfd6b.jpg,cls_1,0.100586,0.799710,0.068359,0.098694
UNASSIGNED,dataset/images/a3321bb3509c2da9.jpg,cls_1,0.618164,0.714602,0.048828,0.069322
UNASSIGNED,dataset/images/a352ea444f4e2091.jpg,cls_1,0.671875,0.288433,0.023438,0.032211
UNASSIGNED,dataset/images/a3aaea32ff934a47.jpg,cls_1,0.140137,0.664225,0.094727,0.114774
UNASSIGNED,dataset/images/a3dbaec269597e95.jpg,cls_1,0.870588,0.905762,0.147059,0.092773
UNASSIGNED,dataset/images/a3de210c573172a1.jpg,cls_0,0.041992,0.512590,0.021484,0.035971
UNASSIGNED,dataset/images/a4220681ef895345.jpg,cls_1,0.699707,0.716146,0.010742,0.018229
UNASSIGNED,dataset/images/a471c39e06ff5527.jpg,cls_1,0.480957,0.297950,0.057617,0.086384
UNASSIGNED,dataset/images/a4835eff353295ca.jpg,cls_1,0.401367,0.811127,0.048828,0.076135
UNASSIGNED,dataset/images/a4cf59bca43cd275.jpg,cls_1,0.340332,0.470674,0.213867,0.328446
UNASSIGNED,dataset/images/a50dd486112a2b8d.jpg,cls_1,0.514103,0.720703,0.151282,0.115234
UNASSIGNED,dataset/images/a53d2e1a88a91017.jpg,cls_1,0.770996,0.081121,0.104492,0.159292
UNASSIGNED,dataset/images/a569eef31832c25a.jpg,cls_1,0.471191,0.753294,0.043945,0.080527
UNASSIGNED,dataset/images/a59dd10689def763.jpg,cls_1,0.524902,0.505859,0.854492,0.988281
UNASSIGNED,dataset/images/a5a41a8447826648.jpg,cls_1,0.321233,0.371094,0.395890,0.277344
UNASSIGNED,dataset/images/a6b1f3d08e5e3cdd.jpg,cls_1,0.459961,0.464185,0.056641,0.085674
UNASSIGNED,dataset/images/a6e0ef0b24a414de.jpg,cls_1,0.813317,0.489746,0.316290,0.262695
UNASSIGNED,dataset/images/a6f2920b23dc4d95.jpg,cls_1,0.231934,0.532943,0.163086,0.216691
UNASSIGNED,dataset/images/a7660db8b60bf274.jpg,cls_1,0.438965,0.567350,0.008789,0.013177
UNASSIGNED,dataset/images/a7ce9ddd07d092a4.jpg,cls_1,0.538086,0.581336,0.003906,0.005137
UNASSIGNED,dataset/images/a84fefe9fb646608.jpg,cls_1,0.872559,0.262500,0.252930,0.375000
UNASSIGNED,dataset/images/a8caa841cf133945.jpg,cls_1,0.559570,0.115885,0.109375,0.148438
UNASSIGNED,dataset/images/a8d2a96a74813644.jpg,cls_1,0.123535,0.677734,0.028320,0.037760
UNASSIGNED,dataset/images/a8d2a96a74813644.jpg,cls_1,0.309570,0.733724,0.025391,0.035156
UNASSIGNED,dataset/images/a8d2a96a74813644.jpg,cls_1,0.518555,0.743490,0.029297,0.039062
UNASSIGNED,dataset/images/a8d2a96a74813644.jpg,cls_1,0.593750,0.791016,0.025391,0.042969
UNASSIGNED,dataset/images/a9527b5f5a48c13b.jpg,cls_1,0.172852,0.827869,0.056641,0.110656
UNASSIGNED,dataset/images/a98fa56a08293b1d.jpg,cls_1,0.260742,0.147361,0.111328,0.168622
UNASSIGNED,dataset/images/a9c4d82aaa01164a.jpg,cls_1,0.327474,0.873535,0.173177,0.129883
UNASSIGNED,dataset/images/aa9276a94d6fea96.jpg,cls_1,0.154856,0.906250,0.173228,0.123047
UNASSIGNED,dataset/images/aad2a811faed39b9.jpg,cls_1,0.520996,0.491215,0.338867,0.452416
UNASSIGNED,dataset/images/aad3a6ddac7b54a0.jpg,cls_1,0.872559,0.808166,0.108398,0.124161
UNASSIGNED,dataset/images/aad780a87d9459cf.jpg,cls_1,0.923340,0.709909,0.059570,0.079531
UNASSIGNED,dataset/images/aaf216849638c15d.jpg,cls_1,0.476074,0.444363,0.952148,0.396779
UNASSIGNED,dataset/images/ab08640f4ea3ba7f.jpg,cls_1,0.620605,0.885630,0.051758,0.076246
UNASSIGNED,dataset/images/ab1687de96e7c467.jpg,cls_1,0.885254,0.436123,0.004883,0.005874
UNASSIGNED,dataset/images/ab67e70e88b23f6d.jpg,cls_1,0.287598,0.941435,0.102539,0.114202
UNASSIGNED,dataset/images/ac1f696f73129433.jpg,cls_1,0.379121,0.551758,0.286935,0.228516
UNASSIGNED,dataset/images/ac68e6ae382d7d45.jpg,cls_1,0.252930,0.869693,0.070312,0.102489
UNASSIGNED,dataset/images/ac7c8233108052d9.jpg,cls_1,0.204978,0.279785,0.143485,0.086914
UNASSIGNED,dataset/images/ac89e07eb58f8c6d.jpg,cls_1,0.557617,0.501465,0.490234,0.497070
UNASSIGNED,dataset/images/aca2f791705ecce4.jpg,cls_1,0.944336,0.814453,0.107422,0.085938
UNASSIGNED,dataset/images/aca93b88cb45d5b0.jpg,cls_1,0.084311,0.672363,0.142229,0.092773
UNASSIGNED,dataset/images/ad29154539de033e.jpg,cls_1,0.196289,0.759883,0.050781,0.081991
UNASSIGNED,dataset/images/ad293c8637d316b9.jpg,cls_1,0.538574,0.307467,0.016602,0.023426
UNASSIGNED,dataset/images/ad7f29f3a563afba.jpg,cls_1,0.533203,0.277452,0.074219,0.103953
UNASSIGNED,dataset/images/ae11366b446c1744.jpg,cls_1,0.827637,0.538799,0.032227,0.040996
UNASSIGNED,dataset/images/ae585d1cc96b298a.jpg,cls_1,0.642578,0.609827,0.076172,0.156069
UNASSIGNED,dataset/images/ae58eda0ed462378.jpg,cls_1,0.154297,0.815712,0.066406,0.098385
UNASSIGNED,dataset/images/ae9e2ca459150a3e.jpg,cls_1,0.736328,0.731332,0.091797,0.133236
UNASSIGNED,dataset/images/aea99add5ab0b5f9.jpg,cls_1,0.681641,0.218750,0.029297,0.033854
UNASSIGNED,dataset/images/aeaa1db89c4b6bb9.jpg,cls_1,0.434570,0.594074,0.097656,0.139259
UNASSIGNED,dataset/images/aeb8eeb1bc769062.jpg,cls_1,0.593262,0.517570,0.393555,0.610542
UNASSIGNED,dataset/images/af2d43a6c8f97fb6.jpg,cls_1,0.405273,0.353587,0.017578,0.030747
UNASSIGNED,dataset/images/b019968e56e64126.jpg,cls_1,0.733887,0.259549,0.016602,0.029514
UNASSIGNED,dataset/images/b043138ae1766bde.jpg,cls_0,0.673454,0.718262,0.043741,0.026367
UNASSIGNED,dataset/images/b0616ac0cbdaa0f0.jpg,cls_1,0.598633,0.176428,0.109375,0.162518
UNASSIGNED,dataset/images/b071cc61a02bc89e.jpg,cls_1,0.299451,0.411621,0.057692,0.045898
UNASSIGNED,dataset/images/b08bf7748da707b5.jpg,cls_1,0.519043,0.502453,0.768555,0.769382
UNASSIGNED,dataset/images/b0ac6e73500fbdbd.jpg,cls_0,0.519853,0.317871,0.316176,0.161133
UNASSIGNED,dataset/images/b0bd3e4cae4d249f.jpg,cls_1,0.287598,0.819010,0.053711,0.070312
UNASSIGNED,dataset/images/b0ee1a3110d26085.jpg,cls_1,0.212402,0.714844,0.081055,0.101562
UNASSIGNED,dataset/images/b102dc6c584c72b5.jpg,cls_1,0.291992,0.776639,0.064453,0.088798
UNASSIGNED,dataset/images/b11099af83c1c306.jpg,cls_0,0.447754,0.620791,0.014648,0.020498
UNASSIGNED,dataset/images/b142c58e3bbde559.jpg,cls_1,0.181641,0.824324,0.185547,0.258687
UNASSIGNED,dataset/images/b15683bdcdb407dc.jpg,cls_1,0.654297,0.663237,0.349609,0.481481
UNASSIGNED,dataset/images/b1dae71fea6eb456.jpg,cls_1,0.500000,0.500000,1.000000,1.000000
UNASSIGNED,dataset/images/b21990d382875da7.jpg,cls_1,0.078613,0.599130,0.157227,0.304348
UNASSIGNED,dataset/images/b29cf74a54579dc8.jpg,cls_1,0.900391,0.649148,0.048828,0.073864
UNASSIGNED,dataset/images/b2f360d936960d44.jpg,cls_1,0.187012,0.791382,0.086914,0.102599
UNASSIGNED,dataset/images/b33c37726d981520.jpg,cls_0,0.502441,0.453125,0.014648,0.018229
UNASSIGNED,dataset/images/b33c37726d981520.jpg,cls_0,0.503418,0.451823,0.012695,0.013021
UNASSIGNED,dataset/images/b37877fcc7d7bca8.jpg,cls_1,0.757324,0.382990,0.243164,0.269772
UNASSIGNED,dataset/images/b37a7977ae1fbde8.jpg,cls_1,0.520508,0.408647,0.023438,0.044630
UNASSIGNED,dataset/images/b42fa9120a34ddf7.jpg,cls_1,0.752930,0.422652,0.134766,0.201657
UNASSIGNED,dataset/images/b455ee38052c7778.jpg,cls_1,0.506836,0.477306,0.048828,0.073206
UNASSIGNED,dataset/images/b45d12c735b59dec.jpg,cls_1,0.403809,0.477870,0.045898,0.048409
UNASSIGNED,dataset/images/b4bc9b266a2c962f.jpg,cls_1,0.410688,0.800293,0.098097,0.061523
UNASSIGNED,dataset/images/b535d25dc91b2546.jpg,cls_1,0.805970,0.102051,0.238806,0.204102
UNASSIGNED,dataset/images/b56294cbbafac1c7.jpg,cls_1,0.515873,0.840332,0.128205,0.102539
UNASSIGNED,dataset/images/b6d7353ae15ea01a.jpg,cls_1,0.562500,0.109078,0.064453,0.086384
UNASSIGNED,dataset/images/b6fe44a5a3531f48.jpg,cls_1,0.796875,0.792715,0.052734,0.067550
UNASSIGNED,dataset/images/b71cea8606ae7834.jpg,cls_1,0.450684,0.305861,0.016602,0.021978
UNASSIGNED,dataset/images/b75b5583388bb5a4.jpg,cls_1,0.350098,0.312592,0.202148,0.308931
UNASSIGNED,dataset/images/b7a4677527f03f85.jpg,cls_1,0.359375,0.194651,0.062500,0.098068
UNASSIGNED,dataset/images/b7dc2bf34ac1e325.jpg,cls_1,0.124633,0.640137,0.167155,0.106445
UNASSIGNED,dataset/images/b7e449c7afbd169a.jpg,cls_1,0.110942,0.680176,0.130699,0.124023
UNASSIGNED,dataset/images/b7e449c7afbd169a.jpg,cls_1,0.810537,0.134277,0.052685,0.047852
UNASSIGNED,dataset/images/b7fb748dc0396f8c.jpg,cls_1,0.658203,0.683016,0.058594,0.092240
UNASSIGNED,dataset/images/b8942e8ca4682cb2.jpg,cls_0,0.562012,0.670088,0.024414,0.038123
UNASSIGNED,dataset/images/b8e0882aa40cc746.jpg,cls_1,0.869141,0.843338,0.083984,0.117130
UNASSIGNED,dataset/images/ba4e5321ca7bf00b.jpg,cls_0,0.650391,0.505859,0.013672,0.019531
UNASSIGNED,dataset/images/ba50af96b86970b0.jpg,cls_1,0.150879,0.845581,0.124023,0.134062
UNASSIGNED,dataset/images/ba9e1daf052117d3.jpg,cls_1,0.562012,0.541298,0.454102,0.687316
UNASSIGNED,dataset/images/babd2f07ba7676b4.jpg,cls_1,0.482422,0.450220,0.019531,0.036603
UNASSIGNED,dataset/images/bbb887d2234f0be5.jpg,cls_1,0.928711,0.536603,0.074219,0.103953
UNASSIGNED,dataset/images/bbc3baeedeb3bd0b.jpg,cls_1,0.398438,0.472005,0.212891,0.246094
UNASSIGNED,dataset/images/bc1ba0683ee51a29.jpg,cls_1,0.668375,0.544922,0.267936,0.183594
UNASSIGNED,dataset/images/bc47ba8b03231c56.jpg,cls_0,0.499512,0.498047,0.999023,0.996094
UNASSIGNED,dataset/images/bc47ba8b03231c56.jpg,cls_0,0.500488,0.501302,0.997070,0.994792
UNASSIGNED,dataset/images/bc47ba8b03231c56.jpg,cls_0,0.176270,0.512370,0.323242,0.451823
UNASSIGNED,dataset/images/bcbf94f51d77bcd6.jpg,cls_1,0.417480,0.316716,0.034180,0.055718
UNASSIGNED,dataset/images/bcc91367b99beec7.jpg,cls_1,0.307129,0.811801,0.075195,0.103106
UNASSIGNED,dataset/images/bd00d0d1915bb2b9.jpg,cls_0,0.341797,0.518328,0.025391,0.042522
UNASSIGNED,dataset/images/bd732c01182c67a9.jpg,cls_1,0.401367,0.568082,0.072266,0.105417
UNASSIGNED,dataset/images/bd9a6ecd3145883f.jpg,cls_1,0.274414,0.625000,0.003906,0.005208
UNASSIGNED,dataset/images/bdc61aefb8c9bcfe.jpg,cls_1,0.500977,0.524089,0.673828,0.894531
UNASSIGNED,dataset/images/bdfad1ca0c1cf842.jpg,cls_1,0.291016,0.394977,0.068359,0.092846
UNASSIGNED,dataset/images/be20b744f9277cd0.jpg,cls_1,0.316895,0.915902,0.077148,0.119266
UNASSIGNED,dataset/images/bea218a77edd3da9.jpg,cls_0,0.620117,0.505132,0.009766,0.021994
UNASSIGNED,dataset/images/bea218a77edd3da9.jpg,cls_0,0.620605,0.505865,0.010742,0.020528
UNASSIGNED,dataset/images/bea3b627c8aa7729.jpg,cls_1,0.125977,0.874633,0.066406,0.083578
UNASSIGNED,dataset/images/beac61b6a50f9c01.jpg,cls_1,0.478027,0.794512,0.083008,0.101220
UNASSIGNED,dataset/images/bfe6af50f39d4918.jpg,cls_1,0.507812,0.841481,0.072266,0.103704
UNASSIGNED,dataset/images/c0d6479a013a2535.jpg,cls_1,0.250375,0.817383,0.239880,0.144531
UNASSIGNED,dataset/images/c10cb03d3fa9c173.jpg,cls_1,0.155762,0.459635,0.014648,0.028646
UNASSIGNED,dataset/images/c113557913b75110.jpg,cls_1,0.391602,0.536321,0.214844,0.333849
UNASSIGNED,dataset/images/c148a5a103fd44c2.jpg,cls_1,0.306152,0.864525,0.069336,0.094972
UNASSIGNED,dataset/images/c1a30c0e48d59800.jpg,cls_1,0.372559,0.522135,0.014648,0.023438
UNASSIGNED,dataset/images/c1af774ea6ec14f3.jpg,cls_1,0.517570,0.578125,0.721816,0.496094
UNASSIGNED,dataset/images/c1cf2143baf8e4a8.jpg,cls_0,0.360840,0.730600,0.026367,0.046852
UNASSIGNED,dataset/images/c232001967bcbd37.jpg,cls_1,0.555176,0.807497,0.090820,0.115629
UNASSIGNED,dataset/images/c2723ec9933274fe.jpg,cls_1,0.733529,0.197266,0.087848,0.050781
UNASSIGNED,dataset/images/c3405456cacedc12.jpg,cls_1,0.566618,0.260742,0.796486,0.521484
UNASSIGNED,dataset/images/c40d18ff2f1d8b6e.jpg,cls_1,0.450684,0.649916,0.122070,0.197655
UNASSIGNED,dataset/images/c548e556693c452c.jpg,cls_1,0.229004,0.855051,0.075195,0.111274
UNASSIGNED,dataset/images/c558ab184d9cb296.jpg,cls_1,0.599609,0.611274,0.072266,0.106881
UNASSIGNED,dataset/images/c5bb375d2141d6e4.jpg,cls_1,0.460449,0.719401,0.194336,0.248698
UNASSIGNED,dataset/images/c5d883900b9f36b8.jpg,cls_1,0.838379,0.841142,0.252930,0.317716
UNASSIGNED,dataset/images/c6d1672e41d7b9bf.jpg,cls_0,0.921875,0.704762,0.019531,0.027211
UNASSIGNED,dataset/images/c6f82c7825900923.jpg,cls_1,0.510742,0.293620,0.960938,0.319010
UNASSIGNED,dataset/images/c71f9487fad0624f.jpg,cls_1,0.113770,0.771311,0.069336,0.100000
UNASSIGNED,dataset/images/c7368efc7e8eb09d.jpg,cls_1,0.863773,0.726698,0.034954,0.043519
UNASSIGNED,dataset/images/c748b2df515ccfd7.jpg,cls_0,0.259277,0.448777,0.024414,0.041284
UNASSIGNED,dataset/images/c79d2a601d65be7a.jpg,cls_1,0.243164,0.729492,0.033203,0.021484
UNASSIGNED,dataset/images/c79d2a601d65be7a.jpg,cls_1,0.489746,0.686035,0.016602,0.024414
UNASSIGNED,dataset/images/c79d2a601d65be7a.jpg,cls_1,0.784668,0.671875,0.018555,0.021484
UNASSIGNED,dataset/images/c7d07e6e316516fd.jpg,cls_1,0.302013,0.827148,0.201342,0.109375
UNASSIGNED,dataset/images/c7dda3c28b66fd7a.jpg,cls_1,0.281525,0.738770,0.134897,0.088867
UNASSIGNED,dataset/images/c8dfd840abc483e3.jpg,cls_1,0.613281,0.262079,0.035156,0.052709
UNASSIGNED,dataset/images/c8ed2de974ff0631.jpg,cls_1,0.643555,0.819902,0.095703,0.111111
UNASSIGNED,dataset/images/c96ab4177fff59d8.jpg,cls_1,0.616568,0.365234,0.227219,0.179688
UNASSIGNED,dataset/images/ca17e40e4afa2cac.jpg,cls_1,0.337739,0.877441,0.176211,0.116211
UNASSIGNED,dataset/images/ca462ce229f99c83.jpg,cls_1,0.198576,0.847656,0.248418,0.123047
UNASSIGNED,dataset/images/ca55385ce2b9e5d6.jpg,cls_1,0.269531,0.338214,0.123047,0.202050
UNASSIGNED,dataset/images/cbccc934c703affb.jpg,cls_1,0.574219,0.179856,0.134766,0.201439
UNASSIGNED,dataset/images/cc23401cbca0e33b.jpg,cls_1,0.466309,0.523426,0.565430,0.844802
UNASSIGNED,dataset/images/ccaae51fdf17caf7.jpg,cls_0,0.180664,0.291951,0.019531,0.027285
UNASSIGNED,dataset/images/ccf3e41b2e32c3fe.jpg,cls_1,0.502441,0.500488,0.928711,0.926758
UNASSIGNED,dataset/images/ccfc2717e77aacae.jpg,cls_1,0.365234,0.418502,0.111328,0.164464
UNASSIGNED,dataset/images/cd1d2658d90f0b3e.jpg,cls_1,0.292969,0.878933,0.103516,0.132695
UNASSIGNED,dataset/images/cd2a20d064b23a95.jpg,cls_1,0.390137,0.499268,0.780273,0.998536
UNASSIGNED,dataset/images/cd3a47e06cacf6bf.jpg,cls_1,0.527344,0.851038,0.107422,0.102564
UNASSIGNED,dataset/images/cd8377feaa0c208f.jpg,cls_1,0.677734,0.888048,0.062500,0.090772
UNASSIGNED,dataset/images/cda669e4d2663c93.jpg,cls_1,0.182232,0.746094,0.123007,0.099609
UNASSIGNED,dataset/images/ce2ce8d6f89cb908.jpg,cls_1,0.166504,0.700195,0.045898,0.037109
UNASSIGNED,dataset/images/ce7fff357fc9d12f.jpg,cls_1,0.296387,0.467448,0.137695,0.164062
UNASSIGNED,dataset/images/ce8927848ecb4b08.jpg,cls_1,0.083496,0.267204,0.020508,0.024890
UNASSIGNED,dataset/images/ce8927848ecb4b08.jpg,cls_1,0.424316,0.729868,0.067383,0.101025
UNASSIGNED,dataset/images/cf7a76d6334d8eff.jpg,cls_1,0.574219,0.785832,0.039062,0.062603
UNASSIGNED,dataset/images/d1978eec2a5bcf63.jpg,cls_1,0.121582,0.657394,0.040039,0.038067
UNASSIGNED,dataset/images/d1978eec2a5bcf63.jpg,cls_1,0.791016,0.306735,0.101562,0.144949
UNASSIGNED,dataset/images/d1978eec2a5bcf63.jpg,cls_1,0.758789,0.640556,0.033203,0.042460
UNASSIGNED,dataset/images/d1ef645e3687eb31.jpg,cls_1,0.345703,0.193627,0.125000,0.210784
UNASSIGNED,dataset/images/d2014f68f7b14da5.jpg,cls_1,0.583008,0.861979,0.025391,0.036458
UNASSIGNED,dataset/images/d272c86c779097e0.jpg,cls_1,0.537598,0.655599,0.022461,0.027344
UNASSIGNED,dataset/images/d36313d1ddca602e.jpg,cls_1,0.546387,0.435578,0.030273,0.048316
UNASSIGNED,dataset/images/d3ba3098159175f5.jpg,cls_1,0.392090,0.802083,0.036133,0.073864
UNASSIGNED,dataset/images/d404b4cbcfa141cb.jpg,cls_1,0.482910,0.744510,0.053711,0.068814
UNASSIGNED,dataset/images/d404b4cbcfa141cb.jpg,cls_1,0.814453,0.484627,0.046875,0.073206
UNASSIGNED,dataset/images/d4099a07ebb97df2.jpg,cls_1,0.468521,0.828125,0.412884,0.287109
UNASSIGNED,dataset/images/d437ae14608ce131.jpg,cls_1,0.068359,0.904596,0.099609,0.135097
UNASSIGNED,dataset/images/d4625bf61442cc4f.jpg,cls_1,0.688965,0.912109,0.120117,0.115234
UNASSIGNED,dataset/images/d486abdaf3df45ed.jpg,cls_1,0.565345,0.762207,0.161527,0.104492
UNASSIGNED,dataset/images/d4929d82651480ee.jpg,cls_1,0.837340,0.774414,0.184295,0.101562
UNASSIGNED,dataset/images/d4fd00d6f37d897a.jpg,cls_1,0.070801,0.538067,0.036133,0.051245
UNASSIGNED,dataset/images/d4fd00d6f37d897a.jpg,cls_1,0.251953,0.452416,0.017578,0.032211
UNASSIGNED,dataset/images/d507490fe88cdafd.jpg,cls_1,0.475586,0.365441,0.019531,0.030882
UNASSIGNED,dataset/images/d526c2527d747f18.jpg,cls_1,0.557617,0.748170,0.046875,0.079063
UNASSIGNED,dataset/images/d563d1c04e5cf154.jpg,cls_1,0.234261,0.784180,0.175695,0.107422
UNASSIGNED,dataset/images/d57c16af2d536088.jpg,cls_0,0.623047,0.487386,0.041016,0.040363
UNASSIGNED,dataset/images/d5c1da6f084526cf.jpg,cls_1,0.506836,0.755490,0.058594,0.081991
UNASSIGNED,dataset/images/d5c9200a8f17c123.jpg,cls_1,0.450521,0.691895,0.236979,0.176758
UNASSIGNED,dataset/images/d601faf574e0f898.jpg,cls_1,0.710449,0.502950,0.381836,0.560472
UNASSIGNED,dataset/images/d6598c7289e5f518.jpg,cls_1,0.694824,0.726940,0.196289,0.244510
UNASSIGNED,dataset/images/d704042aab684f78.jpg,cls_1,0.065430,0.830161,0.062500,0.099561
UNASSIGNED,dataset/images/d704042aab684f78.jpg,cls_1,0.291016,0.712299,0.044922,0.071742
UNASSIGNED,dataset/images/d704042aab684f78.jpg,cls_1,0.458984,0.878477,0.074219,0.108346
UNASSIGNED,dataset/images/d704042aab684f78.jpg,cls_1,0.605957,0.844802,0.067383,0.105417
UNASSIGNED,dataset/images/d7b281c6dfb3d7b0.jpg,cls_1,0.415527,0.527818,0.026367,0.039531
UNASSIGNED,dataset/images/d7ce8a085e7f7614.jpg,cls_1,0.623535,0.622762,0.073242,0.099744
UNASSIGNED,dataset/images/d7d62020b69d269f.jpg,cls_1,0.318359,0.879209,0.066406,0.106881
UNASSIGNED,dataset/images/d7f7b7a4ed8d2f42.jpg,cls_1,0.075684,0.529947,0.079102,0.082353
UNASSIGNED,dataset/images/d7f7b7a4ed8d2f42.jpg,cls_1,0.182617,0.336364,0.072266,0.078075
UNASSIGNED,dataset/images/d7f7b7a4ed8d2f42.jpg,cls_1,0.753906,0.628877,0.085938,0.083422
UNASSIGNED,dataset/images/d7f7b7a4ed8d2f42.jpg,cls_1,0.769531,0.659358,0.085938,0.084492
UNASSIGNED,dataset/images/d8ce271a2c4128d7.jpg,cls_0,0.089844,0.667127,0.025391,0.038674
UNASSIGNED,dataset/images/d8f1b3ef53e64123.jpg,cls_1,0.572266,0.584635,0.056641,0.083333
UNASSIGNED,dataset/images/d931965be64f81ed.jpg,cls_1,0.581152,0.907227,0.144503,0.138672
UNASSIGNED,dataset/images/d944353e4fbb7e48.jpg,cls_1,0.243652,0.858712,0.061523,0.086384
UNASSIGNED,dataset/images/d944353e4fbb7e48.jpg,cls_1,0.600586,0.816984,0.050781,0.076135
UNASSIGNED,dataset/images/d947ab21feda2bd6.jpg,cls_1,0.167889,0.270996,0.118768,0.079102
UNASSIGNED,dataset/images/d988d83c9f91e2cc.jpg,cls_1,0.590820,0.928990,0.089844,0.109810
UNASSIGNED,dataset/images/d9916ffcc2721189.jpg,cls_1,0.379883,0.654745,0.019531,0.027737
UNASSIGNED,dataset/images/dafb97f214906411.jpg,cls_1,0.340332,0.877745,0.073242,0.103953
UNASSIGNED,dataset/images/db3b44b6711e7e2c.jpg,cls_1,0.463379,0.762811,0.069336,0.102489
UNASSIGNED,dataset/images/db693ec7d8994f3c.jpg,cls_1,0.361816,0.254772,0.024414,0.036711
UNASSIGNED,dataset/images/dba4a819039e4f22.jpg,cls_1,0.905046,0.800781,0.160691,0.105469
UNASSIGNED,dataset/images/dbccf731ab9a6fad.jpg,cls_1,0.491699,0.695312,0.754883,0.609375
UNASSIGNED,dataset/images/dcae186252615629.jpg,cls_1,0.737305,0.908683,0.041016,0.089820
UNASSIGNED,dataset/images/dcd685eb533780cd.jpg,cls_1,0.319824,0.347967,0.014648,0.029268
UNASSIGNED,dataset/images/dcf158d8bf720300.jpg,cls_1,0.460449,0.549479,0.475586,0.617188
UNASSIGNED,dataset/images/dd59ea0bad359a16.jpg,cls_1,0.390137,0.816881,0.069336,0.105866
UNASSIGNED,dataset/images/dd7c6dbfee84e796.jpg,cls_1,0.366211,0.638563,0.044922,0.068915
UNASSIGNED,dataset/images/dd970b6095ee6740.jpg,cls_1,0.829102,0.340410,0.076172,0.115666
UNASSIGNED,dataset/images/dd9a24ec0f621362.jpg,cls_1,0.524414,0.183016,0.023438,0.038067
UNASSIGNED,dataset/images/ddb463271cdaa0cb.jpg,cls_1,0.269043,0.430339,0.014648,0.019531
UNASSIGNED,dataset/images/de65b9c3b28cc80e.jpg,cls_1,0.924805,0.922591,0.117188,0.148499
UNASSIGNED,dataset/images/de73ef7ff25701fe.jpg,cls_1,0.876953,0.078187,0.103516,0.092629
UNASSIGNED,dataset/images/deb9e992404b42f0.jpg,cls_1,0.495605,0.491058,0.610352,0.916542
UNASSIGNED,dataset/images/dfe2320b65ce8e1c.jpg,cls_1,0.477051,0.398975,0.077148,0.109810
UNASSIGNED,dataset/images/e0251011786881ad.jpg,cls_1,0.368652,0.723280,0.069336,0.084919
UNASSIGNED,dataset/images/e03c2b0255ae1e81.jpg,cls_1,0.489746,0.682482,0.047852,0.077372
UNASSIGNED,dataset/images/e0471045b1f678a5.jpg,cls_1,0.129395,0.885359,0.096680,0.135359
UNASSIGNED,dataset/images/e09833812ff13f45.jpg,cls_1,0.418879,0.911133,0.197640,0.119141
UNASSIGNED,dataset/images/e0fc92db2e2f40d9.jpg,cls_1,0.597926,0.104980,0.050691,0.047852
UNASSIGNED,dataset/images/e11d7fa85d8cb304.jpg,cls_1,0.740723,0.822754,0.333008,0.274414
UNASSIGNED,dataset/images/e1b85ff730ae70bb.jpg,cls_1,0.382353,0.845215,0.170868,0.102539
UNASSIGNED,dataset/images/e1bce79ec4e0ec6f.jpg,cls_1,0.734261,0.579590,0.265007,0.176758
UNASSIGNED,dataset/images/e1ceb07f2537a519.jpg,cls_1,0.582520,0.846266,0.110352,0.161054
UNASSIGNED,dataset/images/e1d2aa04889492be.jpg,cls_0,0.810059,0.630371,0.034180,0.034180
UNASSIGNED,dataset/images/e1d9eee0eeb6c0cf.jpg,cls_1,0.864516,0.725098,0.154839,0.077148
UNASSIGNED,dataset/images/e37c262e7f2e2968.jpg,cls_1,0.579102,0.842836,0.126953,0.159357
UNASSIGNED,dataset/images/e4e41dce40d8337a.jpg,cls_1,0.540527,0.595168,0.430664,0.616398
UNASSIGNED,dataset/images/e4f95116d9da714b.jpg,cls_1,0.181641,0.521962,0.062500,0.074671
UNASSIGNED,dataset/images/e51e52e79707fef6.jpg,cls_1,0.211914,0.701172,0.269531,0.303385
UNASSIGNED,dataset/images/e51e52e79707fef6.jpg,cls_1,0.289551,0.455729,0.241211,0.330729
UNASSIGNED,dataset/images/e51e52e79707fef6.jpg,cls_1,0.493164,0.348958,0.251953,0.341146
UNASSIGNED,dataset/images/e51e52e79707fef6.jpg,cls_1,0.715820,0.445964,0.259766,0.334635
UNASSIGNED,dataset/images/e51e52e79707fef6.jpg,cls_1,0.794922,0.692708,0.273438,0.302083
UNASSIGNED,dataset/images/e5feb9583453bfd5.jpg,cls_1,0.608398,0.302083,0.009766,0.013021
UNASSIGNED,dataset/images/e6b06cb7b87a99bf.jpg,cls_1,0.289865,0.655273,0.141892,0.101562
UNASSIGNED,dataset/images/e6b823609cb34de5.jpg,cls_1,0.699707,0.708638,0.053711,0.079063
UNASSIGNED,dataset/images/e75f994fe65b3d4b.jpg,cls_1,0.383789,0.396484,0.515625,0.670573
UNASSIGNED,dataset/images/e79fedc3e88189cc.jpg,cls_1,0.136719,0.901626,0.054688,0.082927
UNASSIGNED,dataset/images/e7b08b0cc6080758.jpg,cls_1,0.237793,0.643880,0.026367,0.035156
UNASSIGNED,dataset/images/e7b483c856d94a3f.jpg,cls_1,0.403320,0.847656,0.033203,0.046875
UNASSIGNED,dataset/images/e7cb8245b2f2e8d5.jpg,cls_1,0.418457,0.195461,0.032227,0.060029
UNASSIGNED,dataset/images/e7dabf1a25d2f2b3.jpg,cls_1,0.525284,0.173340,0.117573,0.084961
UNASSIGNED,dataset/images/e80db81648492c8e.jpg,cls_1,0.146973,0.773879,0.047852,0.085770
UNASSIGNED,dataset/images/e80db81648492c8e.jpg,cls_1,0.639160,0.859649,0.063477,0.120858
UNASSIGNED,dataset/images/e8fbfd1d2530362d.jpg,cls_1,0.780273,0.738235,0.052734,0.073529
UNASSIGNED,dataset/images/e92025b3edc9f21f.jpg,cls_1,0.255371,0.697504,0.094727,0.140969
UNASSIGNED,dataset/images/e93b9e5d1e2f9a48.jpg,cls_1,0.846608,0.667480,0.221239,0.143555
UNASSIGNED,dataset/images/e98e8b5efaff602d.jpg,cls_1,0.524414,0.873353,0.050781,0.068814
UNASSIGNED,dataset/images/e9d4f51b805692ab.jpg,cls_1,0.635254,0.890184,0.100586,0.126380
UNASSIGNED,dataset/images/eafef711e8fb694d.jpg,cls_1,0.625488,0.457572,0.045898,0.079634
UNASSIGNED,dataset/images/eb207b47aa4215b7.jpg,cls_1,0.330078,0.843338,0.072266,0.111274
UNASSIGNED,dataset/images/eb6ba4fa27ff5e14.jpg,cls_1,0.842773,0.140808,0.197266,0.252934
UNASSIGNED,dataset/images/ebcf0e7860992870.jpg,cls_1,0.482422,0.300146,0.033203,0.049780
UNASSIGNED,dataset/images/ebfe5d3daf67348f.jpg,cls_1,0.479980,0.388779,0.803711,0.745780
UNASSIGNED,dataset/images/ec85f5fd2f5392bf.jpg,cls_0,0.438477,0.470052,0.011719,0.015625
UNASSIGNED,dataset/images/ecd0971f85adf717.jpg,cls_1,0.097222,0.583008,0.100877,0.054688
UNASSIGNED,dataset/images/ecd0971f85adf717.jpg,cls_1,0.810673,0.846680,0.150585,0.089844
UNASSIGNED,dataset/images/ed320ac67c962f26.jpg,cls_1,0.500000,0.470703,1.000000,0.941406
UNASSIGNED,dataset/images/ed437aec7e2d8633.jpg,cls_1,0.324707,0.652995,0.061523,0.131510
UNASSIGNED,dataset/images/edc28274aed6fd71.jpg,cls_1,0.519531,0.721083,0.031250,0.048316
UNASSIGNED,dataset/images/ee82efeda807039c.jpg,cls_1,0.301270,0.671296,0.071289,0.076389
UNASSIGNED,dataset/images/ef0d8d1a8cee60ae.jpg,cls_1,0.166504,0.645465,0.065430,0.074115
UNASSIGNED,dataset/images/efb8ee378f39e5ba.jpg,cls_1,0.067871,0.200920,0.094727,0.099182
UNASSIGNED,dataset/images/efbf8002f7a25699.jpg,cls_1,0.608887,0.794290,0.096680,0.121523
UNASSIGNED,dataset/images/efbf8002f7a25699.jpg,cls_1,0.116699,0.443631,0.026367,0.026354
UNASSIGNED,dataset/images/f162e8599ad1e6f6.jpg,cls_1,0.486816,0.552053,0.520508,0.775660
UNASSIGNED,dataset/images/f1650bc46e04e1c2.jpg,cls_1,0.434082,0.566912,0.030273,0.045588
UNASSIGNED,dataset/images/f287a180c8d563c7.jpg,cls_1,0.667480,0.249654,0.073242,0.100968
UNASSIGNED,dataset/images/f308eee4b68b660a.jpg,cls_1,0.500000,0.496745,1.000000,0.714844
UNASSIGNED,dataset/images/f308eee4b68b660a.jpg,cls_1,0.502441,0.263672,0.196289,0.212240
UNASSIGNED,dataset/images/f35499ca075bf652.jpg,cls_0,0.327148,0.509573,0.296875,0.474227
UNASSIGNED,dataset/images/f35499ca075bf652.jpg,cls_0,0.403320,0.499264,0.802734,0.998527
UNASSIGNED,dataset/images/f38b05087dbd5624.jpg,cls_1,0.406250,0.541667,0.007812,0.013021
UNASSIGNED,dataset/images/f3b930e011e5acc4.jpg,cls_1,0.559082,0.786657,0.069336,0.104106
UNASSIGNED,dataset/images/f3d2f7b79452998d.jpg,cls_1,0.340332,0.784875,0.047852,0.069016
UNASSIGNED,dataset/images/f441f29812b385ad.jpg,cls_1,0.525391,0.642753,0.005859,0.011713
UNASSIGNED,dataset/images/f482d1f024ae9d69.jpg,cls_1,0.521973,0.652717,0.061523,0.095448
UNASSIGNED,dataset/images/f4f712dc86e99fb6.jpg,cls_0,0.860352,0.360778,0.027344,0.047904
UNASSIGNED,dataset/images/f4f712dc86e99fb6.jpg,cls_0,0.862305,0.363772,0.031250,0.047904
UNASSIGNED,dataset/images/f6767062452c9053.jpg,cls_0,0.144043,0.151042,0.188477,0.226562
UNASSIGNED,dataset/images/f6767062452c9053.jpg,cls_0,0.343262,0.141276,0.149414,0.207031
UNASSIGNED,dataset/images/f6767062452c9053.jpg,cls_0,0.523438,0.134115,0.146484,0.205729
UNASSIGNED,dataset/images/f6767062452c9053.jpg,cls_0,0.701172,0.121745,0.140625,0.204427
UNASSIGNED,dataset/images/f6767062452c9053.jpg,cls_0,0.881836,0.117839,0.158203,0.207031
UNASSIGNED,dataset/images/f6767062452c9053.jpg,cls_0,0.993164,0.115885,0.011719,0.093750
UNASSIGNED,dataset/images/f689020e098b9d10.jpg,cls_1,0.546387,0.500651,0.879883,0.998698
UNASSIGNED,dataset/images/f68adb265e5239c7.jpg,cls_1,0.505859,0.535590,0.394531,0.758681
UNASSIGNED,dataset/images/f6bbe65059e19725.jpg,cls_1,0.415081,0.897949,0.218155,0.131836
UNASSIGNED,dataset/images/f85ba3d904e74746.jpg,cls_1,0.122070,0.773060,0.076172,0.108346
UNASSIGNED,dataset/images/f9072ad619ece88f.jpg,cls_1,0.408691,0.875853,0.116211,0.160982
UNASSIGNED,dataset/images/f96b7fa0d4941316.jpg,cls_1,0.110840,0.121523,0.221680,0.243045
UNASSIGNED,dataset/images/f96b7fa0d4941316.jpg,cls_1,0.698730,0.230600,0.231445,0.358712
UNASSIGNED,dataset/images/f9cee0a99c3df948.jpg,cls_1,0.280762,0.336750,0.077148,0.108346
UNASSIGNED,dataset/images/fa2b84b40b95caca.jpg,cls_1,0.821289,0.697049,0.101562,0.175347
UNASSIGNED,dataset/images/fa9ffa47cb698673.jpg,cls_1,0.525879,0.839207,0.077148,0.095448
UNASSIGNED,dataset/images/fad91ff5516ab17f.jpg,cls_1,0.384766,0.745087,0.220052,0.197688
UNASSIGNED,dataset/images/faf2f320d8887fd6.jpg,cls_1,0.152344,0.907547,0.070312,0.086792
UNASSIGNED,dataset/images/faf2f320d8887fd6.jpg,cls_1,0.970215,0.732075,0.057617,0.057862
UNASSIGNED,dataset/images/fb28a62c43b6787c.jpg,cls_1,0.629883,0.390190,0.089844,0.133236
UNASSIGNED,dataset/images/fb91f99ad3250d29.jpg,cls_1,0.481445,0.750366,0.033203,0.048316
UNASSIGNED,dataset/images/fbdbce04d90da88f.jpg,cls_1,0.545898,0.533088,0.013672,0.025000
UNASSIGNED,dataset/images/fbdbce04d90da88f.jpg,cls_1,0.554688,0.522059,0.013672,0.020588
UNASSIGNED,dataset/images/fc6fd707ddfdecc3.jpg,cls_1,0.417969,0.907071,0.126953,0.133333
UNASSIGNED,dataset/images/fcaa4c741aa6e222.jpg,cls_1,0.481390,0.402344,0.784119,0.603516
UNASSIGNED,dataset/images/fcb17f2163ff7589.jpg,cls_1,0.432617,0.436765,0.080078,0.117647
UNASSIGNED,dataset/images/fd9f92fccc01c52e.jpg,cls_0,0.549805,0.462240,0.710938,0.880208
UNASSIGNED,dataset/images/fdc1562de001a105.jpg,cls_1,0.558105,0.556845,0.077148,0.088167
UNASSIGNED,dataset/images/fdd5f1af0a0bf049.jpg,cls_1,0.288086,0.469253,0.246094,0.364568
UNASSIGNED,dataset/images/fdd5f1af0a0bf049.jpg,cls_1,0.769531,0.443631,0.244141,0.363104
UNASSIGNED,dataset/images/fdf139b60fcb8f21.jpg,cls_1,0.731934,0.869338,0.038086,0.069686
UNASSIGNED,dataset/images/fe77cda7d03e28a7.jpg,cls_1,0.506348,0.728341,0.041992,0.064611
UNASSIGNED,dataset/images/fee50fd0208ffdb4.jpg,cls_1,0.702148,0.895315,0.121094,0.174231
UNASSIGNED,dataset/images/ff04605026596802.jpg,cls_1,0.525391,0.856197,0.160156,0.203369
UNASSIGNED,dataset/images/ff59efc44f003e17.jpg,cls_1,0.585608,0.913086,0.327543,0.125000
UNASSIGNED,dataset/images/ff8ac28dbdbdb760.jpg,cls_0,0.737305,0.432718,0.027344,0.036939
UNASSIGNED,dataset/images/ffcd8c6fc8232136.jpg,cls_0,0.253418,0.562408,0.018555,0.026432
UNASSIGNED,dataset/images/ffd627061d34ee2e.jpg,cls_1,0.694002,0.905762,0.195838,0.151367
UNASSIGNED,dataset/images/ffeeff89e5904ebe.jpg,cls_1,0.886230,0.702945,0.030273,0.030730
